"id_llamada","inicio","fin","duracion_segundos","origen","receptor","latitud","longitud","categoria","tipo_transcripcion","transcripcion"
"07ef61d5-b406-442d-8758-d2cc9261515a",12,82,70,"+34750049045","operador_112_val_#115",39.567609,-1.202915,"ruido","dialogo_operador","[{""hablante"": ""operador"", ""texto"": ""112 Emergencias, dígame.""}, {""hablante"": ""llamante"", ""texto"": ""Hola, buenas tardes. Soy Lara, desde avenida C. Victoriano Cañellas, número 44 en Utiel. Llamaba para preguntar si mañana se suspenden las clases en los colegios e institutos por el temporal.""}, {""hablante"": ""operador"", ""texto"": ""Las decisiones lectivas para el municipio de Utiel se anuncian exclusivamente a través de los canales oficiales del Ayuntamiento y la Conselleria de Educación en redes sociales o radio.""}, {""hablante"": ""llamante"", ""texto"": ""De acuerdo, reviso las cuentas oficiales. Disculpe la molestia.""}, {""hablante"": ""operador"", ""texto"": ""Gracias, buenas tardes.""}]"
"317941d3-1a06-41c1-87cd-f2a02dd19024",15,70,55,"+34639180339","centralita_automatica_saturada",39.402915,-0.405632,"urgente","monologo_centralita","Hola, soy Íñigo, aviso de dos personas atrapadas en vehículo en Catarroja, en la rotonda cerca de travesía Ronda de Paula Barrios, número 86. El coche ha quedado calado y atascado en una balsa de 63 cm de barro. No hay corriente violenta que nos arrastre, pero el agua cubre los escapes y las puertas están trabadas por el fango. Estamos empapados y hace mucho frío. Por favor, auxilio en carretera en Catarroja."
"0caa6fde-1a9a-4ef0-bf61-ef8e0683f76e",26,32,6,"+34745484757","servidor_buzon_emergencia_colapso",39.405082,-0.401718,"ruido","monologo_centralita","¿Hola? ¿Emergencias 112? Oiga... llamo desde Catarroja, en paseo Via de Germán Campillo, número 23. Soy Rebeca... ¡la cobertura va y viene por la tormenta! ¿Me escuchan? [Estática persistente de red celular, chasquidos de línea colapsada y pitido de fin de llamada a los 6 segundos]"
"7a9ba7d6-5748-496c-8cd1-a76288af61eb",43,92,49,"+34710671857","servidor_buzon_emergencia_colapso",39.427883,-0.415905,"ruido","monologo_centralita","Hola, buenas tardes. Les llamo desde Paiporta, en calle Callejón Martirio Martorell, número 70. Me llamo Hilda. Quería hacer una consulta porque no me queda claro si a lo largo del día de mañana abrirán la guardería municipal en Paiporta o si el autobús hacia Valencia prestará servicio. Mi empresa me exige un justificante si no acudo al trabajo."
"73d2bfc9-8d3b-4961-a689-e03b3dc4d30d",101,148,47,"+34654181341","servidor_buzon_emergencia_colapso",38.368393,-2.098099,"ruido","monologo_centralita","Hola, buenas tardes. Les llamo desde Letur, en camino Urbanización de Quique Batalla, número 14. Me llamo Inmaculada. Quería hacer una consulta porque no me queda claro si a lo largo del día de mañana abrirán las oficinas bancarias en Letur o si el autobús hacia Valencia prestará servicio. Mi empresa me exige un justificante si no acudo al trabajo."
"d06bb97b-9e21-4c6e-90fe-b94daa4feacf",112,193,81,"+34967789559","operador_112_val_#143",39.398777,-0.407362,"ruido","dialogo_operador","[{""hablante"": ""operador"", ""texto"": ""112 Emergencias, dígame.""}, {""hablante"": ""llamante"", ""texto"": ""Hola, buenas tardes. Soy Lucho, desde travesía Plaza de Lupe Castell, número 90 en Catarroja. Llamaba para preguntar si mañana se suspenden las clases en el campus universitario por el temporal.""}, {""hablante"": ""operador"", ""texto"": ""Las decisiones lectivas para el municipio de Catarroja se anuncian exclusivamente a través de los canales oficiales del Ayuntamiento y la Conselleria de Educación en redes sociales o radio.""}, {""hablante"": ""llamante"", ""texto"": ""De acuerdo, reviso las cuentas oficiales. Disculpe la molestia.""}, {""hablante"": ""operador"", ""texto"": ""Gracias, buenas tardes.""}]"
"c2110287-f84d-43c2-b513-ec89eca48e3a",168,218,50,"+34684310491","centralita_automatica_saturada",39.400486,-0.404784,"ruido","monologo_centralita","Llamo muy indignado desde Catarroja, en travesía Glorieta Samu Neira, número 107. Mi nombre es Aránzazu. Llevamos ya 7 horas sin conexión a internet ni telefonía móvil. ¡Llevamos desde las 9 de la mañana esperando a los técnicos y no aparece nadie! Exijo que pasen aviso urgente a la empresa responsable para que den una solución en Catarroja."
"9a67c5e9-c974-44a8-b23a-f460fd3c8f66",177,227,50,"+34969460367","sistema_grabacion_espera_112",39.408444,-0.399647,"ruido","monologo_centralita","Hola, buenas tardes. Les llamo desde Massanassa, en avenida Calle Elena Peralta, número 51. Me llamo Eleuterio. Quería hacer una consulta porque no me queda claro si durante el turno de tarde abrirán los colegios e institutos en Massanassa o si el autobús hacia Valencia prestará servicio. Mi empresa me exige un justificante si no acudo al trabajo."
"8cc2dee5-1777-4552-ad12-2e339e0b5f5b",230,274,44,"+34769686747","servidor_buzon_emergencia_colapso",39.475629,-0.718233,"ruido","monologo_centralita","Llamo muy indignado desde Chiva, en travesía Callejón María Cristina Cueto, número 160. Mi nombre es Vasco. Llevamos ya 28 horas sin suministro eléctrico ni agua potable. ¡Tengo que teletrabajar y no sé a qué hora van a reparar la línea! Exijo que pasen aviso urgente a la empresa responsable para que den una solución en Chiva."
"9564d5d2-6b3b-4a60-93b6-db5590acd20a",230,275,45,"+34760462608","centralita_automatica_saturada",39.475091,-0.719036,"ruido","monologo_centralita","Llamo muy indignado desde Chiva, en plaza Camino Reyna Benavides, número 156. Mi nombre es Reynaldo. Llevamos ya 12 horas sin luz en todo el barrio. ¡Tengo que teletrabajar y no sé a qué hora van a reparar la línea! Exijo que pasen aviso urgente a la empresa responsable para que den una solución en Chiva."
"38a01106-d830-4d49-8d2c-6cb80d3dbfa0",263,412,149,"+34710572733","operador_112_val_#131",39.191484,-0.433859,"critica","dialogo_operador","[{""hablante"": ""operador"", ""texto"": ""112 Emergencias Valencia, ¿cuál es su urgencia?""}, {""hablante"": ""llamante"", ""texto"": ""¡Por favor, manden a los bomberos a Algemesí! ¡Estamos atrapados en camino Glorieta de Eva María España, número 60 y el agua supera 184 centímetros en la planta baja!""}, {""hablante"": ""operador"", ""texto"": ""Tranquilícese, le escucho. ¿Tienen posibilidad de subir a una planta superior o a la terraza del edificio en Algemesí?""}, {""hablante"": ""llamante"", ""texto"": ""¡No! ¡La escalera comunitaria está colapsada por el agua y no podemos salir! ¡Tengo a mi abuelo enfermo sobre los hombros y el agua sigue subiendo!""}, {""hablante"": ""operador"", ""texto"": ""Mantenga a mi abuelo enfermo lo más alto posible sobre muebles o altillos. No intente salir a la corriente de la calle bajo ningún concepto. Doy aviso de prioridad máxima a las unidades de rescate en Algemesí.""}, {""hablante"": ""llamante"", ""texto"": ""¡Dense prisa por Dios, la luz se ha ido y el agua entra a presión por las ventanas! ¡Soy Reynaldo!""}, {""hablante"": ""operador"", ""texto"": ""Su aviso está cursado con código rojo. Permanezcan agrupados y aguanten, los equipos están intentando acceder.""}, {""hablante"": ""llamante"", ""texto"": ""[Crujido violento de la puerta cediendo y gritos de socorro. Se interrumpe la comunicación]""}]"
"d0fab79c-2e6a-438e-a842-0e6e21d47ab1",270,327,57,"+34725416209","centralita_automatica_saturada",39.413016,-0.399489,"urgente","monologo_centralita","Urgencia para Protección Civil en Massanassa. Soy África, en las instalaciones con 21 animales cercanas a avenida C. de Aurelio Lamas, número 115. El agua inunda la planta a 67 centímetros. Hemos logrado subir a los animales a jaulas altas pero si vuelve a llover con fuerza no aguantarán. Nosotros estamos en el altillo a salvo pero necesitamos apoyo logístico o furgonetas altas en Massanassa."
"5f545f96-f966-4a01-b41e-ca5aae0a8d6f",294,300,6,"+34961535745","sistema_grabacion_espera_112",39.413846,-0.39625,"ruido","monologo_centralita","[Sonido ambiental de lluvia torrencial y pasos acelerados sobre charcos en Massanassa. Se escucha una voz que dice: '¡Fabiola, el agua está entrando por la rejilla del garaje en camino Cuesta Iker Lastra, número 20!'. Roce continuo del terminal en el bolsillo, marcación involuntaria y corte de llamada tras 6 segundos]"
"5b995170-a9ca-441b-9978-6725b7285bff",346,435,89,"+34965607383","operador_112_val_#117",39.191407,-0.440125,"critica","dialogo_operador","[{""hablante"": ""operador"", ""texto"": ""Centro de Emergencias 112, indique su localización exacta.""}, {""hablante"": ""llamante"", ""texto"": ""¡Auxilio en Algemesí! ¡El tejado donde nos hemos refugiado en calle Calle Imelda Pastor, número 29 está cediendo por el peso del agua y la caída de un árbol! ¡Me llamo Pablo!""}, {""hablante"": ""operador"", ""texto"": ""¿Están en peligro de caída inmediata? ¿Hay menores con ustedes?""}, {""hablante"": ""llamante"", ""texto"": ""¡Sí, hay 2 niños y la viga central está rajada! ¡Si cede caemos directos a la corriente que arrastra la calle!""}, {""hablante"": ""operador"", ""texto"": ""Repartan el peso lejos de la viga fracturada y permanezcan agachados. Notifico inmediatamente a los equipos de rescate aéreo y terrestre en Algemesí.""}, {""hablante"": ""llamante"", ""texto"": ""¡Por favor, no tarden que esto va a romper! ¡Ayuda!""}]"
"b3eae1d8-1991-4741-9685-c5eecfff0e5b",357,437,80,"+34646175801","operador_112_val_#109",39.399177,-0.400417,"ruido","dialogo_operador","[{""hablante"": ""operador"", ""texto"": ""112 Emergencias, dígame.""}, {""hablante"": ""llamante"", ""texto"": ""Hola, buenas tardes. Soy Alex, desde paseo Acceso Apolinar Piña, número 130 en Catarroja. Llamaba para preguntar si mañana se suspenden las clases en el campus universitario por el temporal.""}, {""hablante"": ""operador"", ""texto"": ""Las decisiones lectivas para el municipio de Catarroja se anuncian exclusivamente a través de los canales oficiales del Ayuntamiento y la Conselleria de Educación en redes sociales o radio.""}, {""hablante"": ""llamante"", ""texto"": ""De acuerdo, reviso las cuentas oficiales. Disculpe la molestia.""}, {""hablante"": ""operador"", ""texto"": ""Gracias, buenas tardes.""}]"
"442cd63a-e924-4621-90a8-4f54570326aa",390,454,64,"+34713648490","operador_112_val_#133",39.564952,-1.198993,"ruido","dialogo_operador","[{""hablante"": ""operador"", ""texto"": ""112 Emergencias, dígame.""}, {""hablante"": ""llamante"", ""texto"": ""Buenas tardes, soy Roque. Quería consultar si la V-30 a la altura de Utiel está transitable para salir con mi camión ligero.""}, {""hablante"": ""operador"", ""texto"": ""Señor/a, el 112 atiende rescates y emergencias con riesgo vital. Para la viabilidad de carreteras en Utiel debe consultar la web de la DGT o el 012.""}, {""hablante"": ""llamante"", ""texto"": ""Disculpen, no pretendía entorpecer el servicio. Miro el boletín oficial de tráfico.""}, {""hablante"": ""operador"", ""texto"": ""Muchas gracias por colaborar. Mantenga las líneas despejadas.""}]"
"6744fdb1-ecf9-4165-93e5-025d2db213bb",411,459,48,"+34667813766","sistema_grabacion_espera_112",38.362222,-2.098305,"ruido","monologo_centralita","Hola, buenas tardes. Les llamo desde Letur, en plaza Alameda de Nicolasa Ureña, número 126. Me llamo Celso. Quería hacer una consulta porque no me queda claro si a lo largo del día de mañana abrirán el centro de salud en Letur o si el autobús hacia Valencia prestará servicio. Mi empresa me exige un justificante si no acudo al trabajo."
"4cbfe395-c53b-4b14-b7fa-52587c4e2a29",442,480,38,"+34734241563","sistema_grabacion_espera_112",39.188047,-0.437017,"ruido","monologo_centralita","Llamo para dar un aviso desde Algemesí. En camino Rambla Lino Montero, número 118 hay unas chapas sueltas que golpean contra el suelo por el viento. No hay ninguna inundación grave pero estorba el paso y los vehículos tienen que esquivarlo. Mi nombre es Ester."
"5990b291-beb8-451a-8c99-fcc3191373ff",446,532,86,"+34674116895","operador_112_val_#103",39.476252,-0.717988,"urgente","dialogo_operador","[{""hablante"": ""operador"", ""texto"": ""112 Emergencias, dígame su consulta o emergencia.""}, {""hablante"": ""llamante"", ""texto"": ""Soy Duilio, estamos atrapados en nuestro coche familiar en Chiva, en plaza Alameda Lourdes Moraleda, número 119. Hay unos 65 centímetros de balsa y el motor se ha parado.""}, {""hablante"": ""operador"", ""texto"": ""¿La corriente de agua tiene fuerza suficiente para desplazar el coche?""}, {""hablante"": ""llamante"", ""texto"": ""No, está estancada pero no podemos abrir las puertas porque el agua llega a la mitad y somos dos personas mayores.""}, {""hablante"": ""operador"", ""texto"": ""Permanezcan sentados con los cinturones abrochados y las luces de emergencia puestas. Movilizo una patrulla o grúa pesada asignada al sector de Chiva.""}, {""hablante"": ""llamante"", ""texto"": ""Entendido agente, esperamos aquí sin movernos.""}]"
"d61e2667-bcd7-4a16-8c08-2d019a0a41e6",505,509,4,"+34710813145","servidor_buzon_emergencia_colapso",38.364769,-2.096915,"ruido","monologo_centralita","[Sonido ambiental de lluvia torrencial y pasos acelerados sobre charcos en Letur. Se escucha una voz que dice: '¡Adolfo, ayúdame a poner las maderas en el portal de camino Cañada Cándido Camps, número 106!'. Roce continuo del terminal en el bolsillo, marcación involuntaria y corte de llamada tras 4 segundos]"
"8a52d4b1-c8c3-4e52-b5c6-ae881d5996cf",523,671,148,"+34669127841","operador_112_val_#149",39.563745,-1.201325,"critica","dialogo_operador","[{""hablante"": ""operador"", ""texto"": ""Centro de Emergencias 112, indique su localización exacta.""}, {""hablante"": ""llamante"", ""texto"": ""¡Por favor, manden a los bomberos a Utiel! ¡Estamos atrapados en travesía Camino de Eloísa Cordero, número 4 y el agua supera 164 centímetros en la planta baja!""}, {""hablante"": ""operador"", ""texto"": ""Tranquilícese, le escucho. ¿Tienen posibilidad de subir a una planta superior o a la terraza del edificio en Utiel?""}, {""hablante"": ""llamante"", ""texto"": ""¡No! ¡La escalera comunitaria está colapsada por el agua y no podemos salir! ¡Tengo a un bebé sobre los hombros y el agua sigue subiendo!""}, {""hablante"": ""operador"", ""texto"": ""Mantenga a un bebé lo más alto posible sobre muebles o altillos. No intente salir a la corriente de la calle bajo ningún concepto. Doy aviso de prioridad máxima a las unidades de rescate en Utiel.""}, {""hablante"": ""llamante"", ""texto"": ""¡Dense prisa por Dios, la luz se ha ido y el agua entra a presión por las ventanas! ¡Soy Máxima!""}, {""hablante"": ""operador"", ""texto"": ""Su aviso está cursado con código rojo. Permanezcan agrupados y aguanten, los equipos están intentando acceder.""}, {""hablante"": ""llamante"", ""texto"": ""[Crujido violento de la puerta cediendo y gritos de socorro. Se interrumpe la comunicación]""}]"
"2ec07f73-26bb-4533-a755-4af9a231d083",538,541,3,"+34637139010","sistema_grabacion_espera_112",39.408671,-0.401476,"ruido","monologo_centralita","¿Hola? ¿Emergencias 112? Oiga... llamo desde Massanassa, en travesía Via Sebastian Rivera, número 7. Soy Rubén... ¡no sé si me reciben, se va la señal de golpe! ¿Me escuchan? [Estática persistente de red celular, chasquidos de línea colapsada y pitido de fin de llamada a los 3 segundos]"
"e4b39e99-4db2-4a9b-b96e-110e80f5236c",539,631,92,"+34658995693","operador_112_val_#120",38.363794,-2.096159,"urgente","dialogo_operador","[{""hablante"": ""operador"", ""texto"": ""112 Emergencias, dígame.""}, {""hablante"": ""llamante"", ""texto"": ""Hola, buenas tardes. Llamo desde Letur, en camino Calle de Jenny Balaguer, número 132. El agua en la calle nos llega a las rodillas y ha anegado los bajos.""}, {""hablante"": ""operador"", ""texto"": ""¿Hay alguna persona atrapada en zonas sumergidas o con riesgo vital en Letur?""}, {""hablante"": ""llamante"", ""texto"": ""No, afortunadamente todos los vecinos hemos subido al segundo piso, pero llevamos 17 horas sin luz y hay un vecino diabético sin insulina que empieza a encontrarse mareado.""}, {""hablante"": ""operador"", ""texto"": ""Entendido. Mantengan al paciente abrigado e hidratado en la zona alta. Registro el aviso médico prioritario para las brigadas de Letur.""}, {""hablante"": ""llamante"", ""texto"": ""Muchas gracias. Nos llamamos familia Gloria. Esperamos aquí dentro.""}]"
"426d00c4-584f-498b-989d-25cdfb712626",552,610,58,"+34628927146","sistema_grabacion_espera_112",39.470945,-0.71425,"urgente","monologo_centralita","Urgencia para Protección Civil en Chiva. Soy Nicodemo, en las instalaciones con 26 animales cercanas a avenida Urbanización de Victor Manuel Novoa, número 78. El agua inunda la planta a 93 centímetros. Hemos logrado subir a los animales a jaulas altas pero si vuelve a llover con fuerza no aguantarán. Nosotros estamos en el altillo a salvo pero necesitamos apoyo logístico o furgonetas altas en Chiva."
"fcca4e1b-cfa1-4630-9260-4445bb94c913",563,654,91,"+34718974287","operador_112_val_#131",39.413632,-0.401307,"ruido","dialogo_operador","[{""hablante"": ""operador"", ""texto"": ""112 Emergencias Valencia, dígame.""}, {""hablante"": ""llamante"", ""texto"": ""Oiga, llamo desde Massanassa, en calle Callejón de Genoveva Sola, número 78. Me llamo Ligia. Llevamos 6 horas sin suministro eléctrico y se nos va a perder las bombas de extracción particulares del sótano. En la compañía eléctrica no atienden.""}, {""hablante"": ""operador"", ""texto"": ""Entendemos su problema, pero nuestras líneas están coordinando salvamentos en áreas anegadas de Massanassa. Debe tramitar la incidencia con su distribuidora cuando sea posible.""}, {""hablante"": ""llamante"", ""texto"": ""Comprendo la gravedad, perdonen la insistencia. Espero que se resuelva pronto.""}, {""hablante"": ""operador"", ""texto"": ""Por favor, libere la línea para las urgencias médicas y de bomberos. Gracias.""}]"
"86780878-1890-4d05-a40f-cc59d6a14873",565,660,95,"+34699576219","operador_112_val_#147",39.408424,-0.399885,"urgente","dialogo_operador","[{""hablante"": ""operador"", ""texto"": ""112 Emergencias, dígame su consulta o emergencia.""}, {""hablante"": ""llamante"", ""texto"": ""Soy Tito, estamos atrapados en nuestro vehículo en Massanassa, en calle Avenida de Isidro Raya, número 86. Hay unos 61 centímetros de balsa y el motor se ha parado.""}, {""hablante"": ""operador"", ""texto"": ""¿La corriente de agua tiene fuerza suficiente para desplazar el coche?""}, {""hablante"": ""llamante"", ""texto"": ""No, está estancada pero no podemos abrir las puertas porque el agua llega a la mitad y somos dos personas mayores.""}, {""hablante"": ""operador"", ""texto"": ""Permanezcan sentados con los cinturones abrochados y las luces de emergencia puestas. Movilizo una patrulla o grúa pesada asignada al sector de Massanassa.""}, {""hablante"": ""llamante"", ""texto"": ""Entendido agente, esperamos aquí sin movernos.""}]"
"01d5818e-e20a-4117-b58e-e294d6ad6268",568,669,101,"+34762924366","operador_112_val_#103",39.399941,-0.40749,"urgente","dialogo_operador","[{""hablante"": ""operador"", ""texto"": ""112 Emergencias, dígame su consulta o emergencia.""}, {""hablante"": ""llamante"", ""texto"": ""Soy Urbano, estamos atrapados en nuestro coche familiar en Catarroja, en camino Cañada Odalys Gutiérrez, número 20. Hay unos 69 centímetros de balsa y el motor se ha parado.""}, {""hablante"": ""operador"", ""texto"": ""¿La corriente de agua tiene fuerza suficiente para desplazar el coche?""}, {""hablante"": ""llamante"", ""texto"": ""No, está estancada pero no podemos abrir las puertas porque el agua llega a la mitad y somos dos personas mayores.""}, {""hablante"": ""operador"", ""texto"": ""Permanezcan sentados con los cinturones abrochados y las luces de emergencia puestas. Movilizo una patrulla o grúa pesada asignada al sector de Catarroja.""}, {""hablante"": ""llamante"", ""texto"": ""Entendido agente, esperamos aquí sin movernos.""}]"
"3538ea8a-a462-4837-8f5f-e20ffad45fc4",622,725,103,"+34738497199","operador_112_val_#117",39.185364,-0.439321,"critica","dialogo_operador","[{""hablante"": ""operador"", ""texto"": ""112 Emergencias Valencia, ¿cuál es su urgencia?""}, {""hablante"": ""llamante"", ""texto"": ""¡Emergencias! ¡El agua ha roto la persiana de nuestra vivienda en Algemesí, calle plaza Calle de Mariana Cantero, número 81! ¡Soy Vicenta y un bebé no puede caminar, está en cama sumergida!""}, {""hablante"": ""operador"", ""texto"": ""¿Cuántas personas se encuentran dentro de la vivienda en Algemesí ahora mismo?""}, {""hablante"": ""llamante"", ""texto"": ""¡Somos 3 personas! ¡El nivel del agua sube muy rápido, ya pasa de la cintura!""}, {""hablante"": ""operador"", ""texto"": ""Coloquen mantas y sostengan a la persona impedida sobre colchones o mesas altas. Despacho lancha de evacuación hacia su dirección.""}, {""hablante"": ""llamante"", ""texto"": ""¡Rápido, que los cristales del fondo acaban de estallar por la presión del fango! [Llantos de fondo]""}]"
"66341a44-8e80-4197-a1fc-008ad9c87033",625,680,55,"+34963679334","centralita_automatica_saturada",39.42703,-0.420475,"critica","monologo_centralita","¡¡Ayuda urgente!! ¡Ha cedido la compuerta del garaje en Paiporta, paseo Vial de Ildefonso Infante, número 160! ¡Soy Piedad y bajó mi madre de 74 años a sacar el coche, el fango ha sellado el portón! ¡El sótano está totalmente anegado hasta el dintel! ¡Oigo golpes desesperados desde dentro pero no abre la puerta! ¡Traigan equipo pesado a Paiporta, por favor! [viento huracanado y estática intermitente]"
"7a1590a4-8176-47dc-95cf-f69a1210b6b4",652,756,104,"+34964115394","operador_112_val_#135",39.563339,-1.203557,"critica","dialogo_operador","[{""hablante"": ""operador"", ""texto"": ""112 Emergencias Valencia, ¿cuál es su urgencia?""}, {""hablante"": ""llamante"", ""texto"": ""¡Emergencias! ¡El agua ha roto la persiana de nuestra vivienda en Utiel, calle paseo Callejón Beatriz Aparicio, número 107! ¡Soy Candelas y un bebé no puede caminar, está en cama sumergida!""}, {""hablante"": ""operador"", ""texto"": ""¿Cuántas personas se encuentran dentro de la vivienda en Utiel ahora mismo?""}, {""hablante"": ""llamante"", ""texto"": ""¡Somos 4 personas! ¡El nivel del agua sube muy rápido, ya pasa de la cintura!""}, {""hablante"": ""operador"", ""texto"": ""Coloquen mantas y sostengan a la persona impedida sobre colchones o mesas altas. Despacho lancha de evacuación hacia su dirección.""}, {""hablante"": ""llamante"", ""texto"": ""¡Rápido, que los cristales del fondo acaban de estallar por la presión del fango! [Llantos de fondo]""}]"
"e08e3107-2498-4e1c-89e2-a2f7222bd6dd",677,779,102,"+34967841529","operador_112_val_#137",39.568936,-1.198693,"urgente","dialogo_operador","[{""hablante"": ""operador"", ""texto"": ""112 Emergencias, dígame.""}, {""hablante"": ""llamante"", ""texto"": ""Hola, buenas tardes. Llamo desde Utiel, en paseo Glorieta José Mari Montalbán, número 154. El agua en la calle nos llega a las rodillas y ha anegado los bajos.""}, {""hablante"": ""operador"", ""texto"": ""¿Hay alguna persona atrapada en zonas sumergidas o con riesgo vital en Utiel?""}, {""hablante"": ""llamante"", ""texto"": ""No, afortunadamente todos los vecinos hemos subido al segundo piso, pero llevamos 13 horas sin luz y hay un vecino diabético sin insulina que empieza a encontrarse mareado.""}, {""hablante"": ""operador"", ""texto"": ""Entendido. Mantengan al paciente abrigado e hidratado en la zona alta. Registro el aviso médico prioritario para las brigadas de Utiel.""}, {""hablante"": ""llamante"", ""texto"": ""Muchas gracias. Nos llamamos familia Chelo. Esperamos aquí dentro.""}]"
"f55a99fe-5278-4ad3-a9d8-e5facfa9101e",692,740,48,"+34773712919","sistema_grabacion_espera_112",39.190945,-0.439492,"ruido","monologo_centralita","Hola, buenas tardes. Les llamo desde Algemesí, en calle Camino de Eleuterio Rubio, número 73. Me llamo Casemiro. Quería hacer una consulta porque no me queda claro si durante el turno de tarde abrirán los colegios e institutos en Algemesí o si el autobús hacia Valencia prestará servicio. Mi empresa me exige un justificante si no acudo al trabajo."
"46c57ec9-b2c2-4c13-8165-0ef1ec31d69a",720,774,54,"+34796809935","servidor_buzon_emergencia_colapso",38.368161,-2.098174,"urgente","monologo_centralita","Urgencia para Protección Civil en Letur. Soy David, en las instalaciones con 19 animales cercanas a plaza Avenida Rosenda Gomez, número 67. El agua inunda la planta a 94 centímetros. Hemos logrado subir a los animales a jaulas altas pero si vuelve a llover con fuerza no aguantarán. Nosotros estamos en el altillo a salvo pero necesitamos apoyo logístico o furgonetas altas en Letur."
"f751b72f-75dd-431b-9624-c2f6469731ce",728,813,85,"+34731584308","operador_112_val_#150",39.472681,-0.720722,"ruido","dialogo_operador","[{""hablante"": ""operador"", ""texto"": ""112 Emergencias Valencia, dígame.""}, {""hablante"": ""llamante"", ""texto"": ""Oiga, llamo desde Chiva, en avenida Via Adelaida Rosa, número 14. Me llamo Otilia. Llevamos 23 horas sin suministro eléctrico y se nos va a perder toda la comida congelada valorada en 202 euros. En la compañía eléctrica no atienden.""}, {""hablante"": ""operador"", ""texto"": ""Entendemos su problema, pero nuestras líneas están coordinando salvamentos en áreas anegadas de Chiva. Debe tramitar la incidencia con su distribuidora cuando sea posible.""}, {""hablante"": ""llamante"", ""texto"": ""Comprendo la gravedad, perdonen la insistencia. Espero que se resuelva pronto.""}, {""hablante"": ""operador"", ""texto"": ""Por favor, libere la línea para las urgencias médicas y de bomberos. Gracias.""}]"
"a8f1c005-e6c7-4430-b572-8d32f4100fce",740,789,49,"+34794528880","sistema_grabacion_espera_112",39.565817,-1.199651,"ruido","monologo_centralita","Mire, llamo desde Utiel. Tengo un furgoneta Citroën estacionado en travesía Avenida Luis Busquets, número 2 y la tormenta le ha provocado el retrovisor partido y ramas caídas sobre el techo. Soy Josep y quisiera saber si desde el 112 me facilitan algún número de atestado o si debo acudir directamente al Consorcio de Compensación de Seguros."
"08ed7e18-b403-4713-a82f-f0e87cfcede8",743,800,57,"+34784963277","sistema_grabacion_espera_112",38.368036,-2.101434,"critica","monologo_centralita","¡Socorro, 112! ¡Estoy en Letur, en avenida Urbanización de Ruben Lasa, número 3! ¡Soy Juan Carlos y la riada se ha llevado mi coche, estoy subido al techo! ¡El agua cubre más de dos metros y la corriente tira con una fuerza descomunal! ¡Hay troncos y contenedores chocando contra el vehículo! ¡No sé cuánto más podré aguantar agarrado, me resbalo! ¡¡No podemos salir!! [viento huracanado y estática intermitente]"
"a8f6b10a-096a-48e0-b749-4fdc40f0fa86",765,813,48,"+34792073502","centralita_automatica_saturada",39.398985,-0.407539,"ruido","monologo_centralita","Llamo muy indignado desde Catarroja, en paseo Pasadizo Germán Torralba, número 113. Mi nombre es Bernardo. Llevamos ya 15 horas sin agua corriente en los grifos. ¡Llevamos desde las 9 de la mañana esperando a los técnicos y no aparece nadie! Exijo que pasen aviso urgente a la empresa responsable para que den una solución en Catarroja."
"777ede06-455b-4a6c-9ae1-ee5778f12907",785,835,50,"+34693622009","servidor_buzon_emergencia_colapso",39.188425,-0.435744,"ruido","monologo_centralita","Hola, buenas tardes. Les llamo desde Algemesí, en plaza Cañada Josep Gámez, número 122. Me llamo Blanca. Quería hacer una consulta porque no me queda claro si a primera hora de la mañana abrirán la guardería municipal en Algemesí o si el autobús hacia Valencia prestará servicio. Mi empresa me exige un justificante si no acudo al trabajo."
"f1a5525f-7236-4a26-bdfc-bb488f68e5e8",795,894,99,"+34621037459","operador_112_val_#153",39.188219,-0.436076,"urgente","dialogo_operador","[{""hablante"": ""operador"", ""texto"": ""112 Emergencias, dígame su consulta o emergencia.""}, {""hablante"": ""llamante"", ""texto"": ""Soy Manuela, estamos atrapados en nuestro vehículo en Algemesí, en travesía Pasadizo Héctor Cámara, número 128. Hay unos 50 centímetros de balsa y el motor se ha parado.""}, {""hablante"": ""operador"", ""texto"": ""¿La corriente de agua tiene fuerza suficiente para desplazar el coche?""}, {""hablante"": ""llamante"", ""texto"": ""No, está estancada pero no podemos abrir las puertas porque el agua llega a la mitad y somos dos personas mayores.""}, {""hablante"": ""operador"", ""texto"": ""Permanezcan sentados con los cinturones abrochados y las luces de emergencia puestas. Movilizo una patrulla o grúa pesada asignada al sector de Algemesí.""}, {""hablante"": ""llamante"", ""texto"": ""Entendido agente, esperamos aquí sin movernos.""}]"
"09e7e786-5680-4782-b622-7a8416ad3908",796,806,10,"+34961472734","operador_112_val_#125",38.368633,-2.101681,"ruido","dialogo_operador","[{""hablante"": ""operador"", ""texto"": ""112 Emergencias, dígame.""}, {""hablante"": ""llamante"", ""texto"": ""¿Hola? ¿112? Soy Lisandro, llamo desde Letur, junto a calle Acceso Venceslás Chaves, número 34... ¡se entrecorta la señal, no oigo casi nada!""}, {""hablante"": ""operador"", ""texto"": ""112 le escucha, indique con claridad si hay heridos o atrapados en Letur.""}, {""hablante"": ""llamante"", ""texto"": ""[Ruido blanco, chasquidos continuos y voz metálica ininteligible durante 10 segundos] ... ¡Hola! ¡No hay cobertura! [Corte de señal]""}, {""hablante"": ""operador"", ""texto"": ""[Llamada concluida automáticamente por caída técnica de antena de telecomunicaciones]""}]"
"80bd9421-e6d7-451a-88fc-e55e77210094",803,851,48,"+34634711137","servidor_buzon_emergencia_colapso",39.405109,-0.400161,"ruido","monologo_centralita","Llamo muy indignado desde Catarroja, en camino Via de Nieves Sacristán, número 117. Mi nombre es Sosimo. Llevamos ya 7 horas sin conexión a internet ni telefonía móvil. ¡Tengo que teletrabajar y no sé a qué hora van a reparar la línea! Exijo que pasen aviso urgente a la empresa responsable para que den una solución en Catarroja."
"d351a3be-1b99-4e60-80aa-0a9264be976b",821,911,90,"+34967148751","operador_112_val_#114",39.567057,-1.203961,"urgente","dialogo_operador","[{""hablante"": ""operador"", ""texto"": ""112 Emergencias Valencia, dígame.""}, {""hablante"": ""llamante"", ""texto"": ""Mire, llamo desde Utiel, en plaza Vial de Aníbal Cantero, número 96. Soy María Jesús. Un poste con ramas ha caído contra el tendido eléctrico y está tocando el agua de la acera.""}, {""hablante"": ""operador"", ""texto"": ""¿Observa chispas continuas o humo en el agua?""}, {""hablante"": ""llamante"", ""texto"": ""Sí, chisporrotea de vez en cuando y la gente en los balcones tiene miedo de que alguien que intente cruzar se electrocute.""}, {""hablante"": ""operador"", ""texto"": ""Adviertan a los vecinos desde las ventanas que nadie pise el agua bajo ningún concepto. Paso aviso urgente a la compañía eléctrica y a policía local de Utiel para acordonar.""}, {""hablante"": ""llamante"", ""texto"": ""De acuerdo, así lo hacemos. Gracias por la atención.""}]"
"719abef5-9af2-4957-a361-a4a4bc1ea3a6",830,883,53,"+34605603163","centralita_automatica_saturada",39.408975,-0.395063,"urgente","monologo_centralita","Mensaje para emergencias desde Massanassa. En camino Callejón Gabriel Valencia, número 24, una pared medianera de una nave antigua se ha derrumbado sobre el callejón. No hay heridos directos pero ha dejado bloqueada la única salida de tres familias que residen al fondo. El nivel del agua no sube ahora mismo pero están totalmente incomunicados. Mi nombre es Luz, rogamos despeje de paso."
"6c46af09-07cb-4efc-ae38-8a7e27604152",868,916,48,"+34780474748","sistema_grabacion_espera_112",39.187929,-0.43373,"ruido","monologo_centralita","Hola, buenas tardes. Les llamo desde Algemesí, en paseo Glorieta de Liliana Priego, número 56. Me llamo Nilda. Quería hacer una consulta porque no me queda claro si durante el turno de tarde abrirán el centro de salud en Algemesí o si el autobús hacia Valencia prestará servicio. Mi empresa me exige un justificante si no acudo al trabajo."
"1d3cf7b7-2268-42e8-80fd-5e2eecbdcb70",871,929,58,"+34797480076","servidor_buzon_emergencia_colapso",38.364207,-2.097181,"urgente","monologo_centralita","Aviso urgente para los bomberos en Letur. Soy Danilo, residente en paseo Alameda de Úrsula Santamaría, número 52. Tras la fuerza del agua de esta tarde, han aparecido grietas enormes en el muro de carga. Varios coches arrastrados han chocado contra la fachada y tememos que el edificio no sea seguro. Estamos 10 vecinos refugiados en la azotea esperando que alguien técnico venga a revisar la estructura de la finca en Letur."
"349eb0bc-157f-4ad6-9341-6f15ec4a6c20",908,916,8,"+34721658373","sistema_grabacion_espera_112",39.475614,-0.717325,"ruido","monologo_centralita","¿Hola? ¿Emergencias 112? Oiga... llamo desde Chiva, en plaza Ronda Manuela Cabrero, número 42. Soy Custodio... ¡se corta la voz y hay mucho ruido de viento! ¿Me escuchan? [Estática persistente de red celular, chasquidos de línea colapsada y pitido de fin de llamada a los 8 segundos]"
"e4884252-c9e2-4988-8d49-cf654625af48",926,938,12,"+34676275359","operador_112_val_#152",39.56401,-1.199478,"ruido","dialogo_operador","[{""hablante"": ""operador"", ""texto"": ""112 Emergencias, dígame.""}, {""hablante"": ""llamante"", ""texto"": ""¿Hola? ¿112? Soy Jenny, llamo desde Utiel, junto a camino Pasaje de Noemí Montenegro, número 126... ¡se entrecorta la señal, no oigo casi nada!""}, {""hablante"": ""operador"", ""texto"": ""112 le escucha, indique con claridad si hay heridos o atrapados en Utiel.""}, {""hablante"": ""llamante"", ""texto"": ""[Ruido blanco, chasquidos continuos y voz metálica ininteligible durante 12 segundos] ... ¡Hola! ¡No hay cobertura! [Corte de señal]""}, {""hablante"": ""operador"", ""texto"": ""[Llamada concluida automáticamente por caída técnica de antena de telecomunicaciones]""}]"
"98e99e64-6cb9-4887-b985-11f8851d7691",946,1045,99,"+34617809369","operador_112_val_#129",39.565399,-1.198619,"urgente","dialogo_operador","[{""hablante"": ""operador"", ""texto"": ""112 Emergencias Valencia, dígame.""}, {""hablante"": ""llamante"", ""texto"": ""Mire, llamo desde Utiel, en travesía Via de Odalis Checa, número 134. Soy Dani. Una palmera del parque ha caído contra el tendido eléctrico y está tocando el agua de la acera.""}, {""hablante"": ""operador"", ""texto"": ""¿Observa chispas continuas o humo en el agua?""}, {""hablante"": ""llamante"", ""texto"": ""Sí, chisporrotea de vez en cuando y la gente en los balcones tiene miedo de que alguien que intente cruzar se electrocute.""}, {""hablante"": ""operador"", ""texto"": ""Adviertan a los vecinos desde las ventanas que nadie pise el agua bajo ningún concepto. Paso aviso urgente a la compañía eléctrica y a policía local de Utiel para acordonar.""}, {""hablante"": ""llamante"", ""texto"": ""De acuerdo, así lo hacemos. Gracias por la atención.""}]"
"31b35933-bfce-4205-bce0-e158da6432e2",969,1022,53,"+34968526963","servidor_buzon_emergencia_colapso",39.408583,-0.395428,"ruido","monologo_centralita","Mire, llamo desde Massanassa. Tengo un Nissan Qashqai estacionado en calle C. de Gabino Tapia, número 100 y la tormenta le ha provocado varios impactos considerables por el granizo y barro acumulado en los bajos. Soy Andrés y quisiera saber si desde el 112 me facilitan algún número de atestado o si debo acudir directamente al Consorcio de Compensación de Seguros."
"e80d1eba-2c11-4a83-ab56-b7bc92163ff6",971,982,11,"+34965207981","servidor_buzon_emergencia_colapso",39.431313,-0.417471,"ruido","monologo_centralita","[Sonido ambiental de lluvia torrencial y pasos acelerados sobre charcos en Paiporta. Se escucha una voz que dice: '¡Poncio, el agua está entrando por la rejilla del garaje en calle Pasadizo Glauco Miranda, número 71!'. Roce continuo del terminal en el bolsillo, marcación involuntaria y corte de llamada tras 11 segundos]"
"0810e5c3-4010-4538-ac7e-fb09f41d88e7",983,993,10,"+34795936872","sistema_grabacion_espera_112",39.47163,-0.721176,"ruido","monologo_centralita","[Sonido ambiental de lluvia torrencial y pasos acelerados sobre charcos en Chiva. Se escucha una voz que dice: '¡León, el agua está entrando por la rejilla del garaje en calle Rambla de Isaías Rosales, número 110!'. Roce continuo del terminal en el bolsillo, marcación involuntaria y corte de llamada tras 10 segundos]"
"0b86e403-e7f9-44ec-a34b-52c62909ac81",984,1034,50,"+34658736055","centralita_automatica_saturada",39.427355,-0.414289,"critica","monologo_centralita","¡112, no me cuelguen! ¡Estoy enganchado a una verja en Paiporta, cerca de camino Pasadizo de Asdrubal Figuerola, número 116! ¡El torrente me ha arrancado la ropa y la corriente me lleva las piernas! ¡Tengo las manos congeladas y no hago pie! ¡Flor es mi nombre! ¡Ayuda en Paiporta, me suelto, me suelto! [viento huracanado y estática intermitente]"
"e03ac094-d963-4c1d-bb60-26e133b739cf",1016,1022,6,"+34634494437","centralita_automatica_saturada",39.412098,-0.399378,"ruido","monologo_centralita","¿Hola? ¿Emergencias 112? Oiga... llamo desde Massanassa, en plaza Glorieta de Agustina Nebot, número 83. Soy Ignacio... ¡se entrecorta muchísimo y apenas escucho! ¿Me escuchan? [Estática persistente de red celular, chasquidos de línea colapsada y pitido de fin de llamada a los 6 segundos]"
"b7b32d30-180f-47da-b669-34b2795f7571",1022,1079,57,"+34682336698","sistema_grabacion_espera_112",39.564199,-1.19883,"critica","monologo_centralita","¡Tragedia en Utiel! ¡El barranco ha desbordado en calle Urbanización Fernanda Galán, número 126! ¡Soy Baldomero y la pared maestra de la casa acaba de caerse entera! ¡un bebé de 11 meses ha quedado atrapado bajo los escombros y el agua sube con fuerza negra! ¡Apenas saca la cabeza para respirar! ¡¡Por el amor de Dios!! ¡Venid a Utiel antes de que se tape del todo! [crujidos de madera y corriente violenta]"
"306745ca-bedd-42de-bf67-cc3e0eac0729",1036,1096,60,"+34690591085","centralita_automatica_saturada",39.470204,-0.720286,"critica","monologo_centralita","¡Emergencias, por favor! ¡Llamo desesperado desde Chiva, en calle Glorieta Nereida Soler, número 143! ¡Soy Arsenio y un bebé de 16 meses está con oxígeno, el generador acaba de morir bajo el agua! ¡El agua sube 12 centímetros por minuto y ya cubre las camas! ¡No podemos moverlo en brazos por la corriente! ¡Necesitamos una lancha o rescate médico en Chiva ya, se nos asfixia! [bocinas de coches sonando de forma continua]"
"eb9a3975-f519-414e-932c-acf8ee7a2a6b",1038,1089,51,"+34777888620","centralita_automatica_saturada",39.472324,-0.719479,"ruido","monologo_centralita","Mire, llamo desde Chiva. Tengo un turismo Toyota estacionado en avenida Alameda de Fulgencio Bustos, número 75 y la tormenta le ha provocado varios impactos considerables por el granizo y barro acumulado en los bajos. Soy África y quisiera saber si desde el 112 me facilitan algún número de atestado o si debo acudir directamente al Consorcio de Compensación de Seguros."
"8738bc57-c5e0-443b-8a09-aca439193fef",1041,1097,56,"+34726837361","centralita_automatica_saturada",39.187255,-0.436513,"urgente","monologo_centralita","Llamo desde Algemesí, calle calle Urbanización Eva Osuna, número 91. Me llamo Amado. El agua en la calle está a medio metro pero la caja general de contadores del edificio está echando chispas y hay un olor penetrante a gas o plástico quemado en todo el hueco de la escalera. Nos da pánico que salte una chispa y haya una explosión. Por favor, avisen a la compañía y a bomberos para cortar la acometida en Algemesí."
"da068ee9-b97f-479e-bde2-d268e1e39955",1043,1078,35,"+34736420866","sistema_grabacion_espera_112",39.476775,-0.718073,"ruido","monologo_centralita","Llamo para dar un aviso desde Chiva. En calle Pasadizo Maribel Raya, número 41 hay dos contenedores de basura volcados en medio de la calzada. No hay ninguna inundación grave pero estorba el paso y los vehículos tienen que esquivarlo. Mi nombre es Vito."
"124d3de8-b8ca-4e15-bf9c-7c91c3f058d4",1045,1050,5,"+34962812678","servidor_buzon_emergencia_colapso",39.399852,-0.401475,"ruido","monologo_centralita","¿Hola? ¿Emergencias 112? Oiga... llamo desde Catarroja, en plaza Urbanización Selena Vaquero, número 101. Soy Julia... ¡la cobertura va y viene por la tormenta! ¿Me escuchan? [Estática persistente de red celular, chasquidos de línea colapsada y pitido de fin de llamada a los 5 segundos]"
"bc8ca2e0-d8fa-4b93-8b13-1b3040156ac5",1053,1100,47,"+34745069831","servidor_buzon_emergencia_colapso",39.475347,-0.71692,"ruido","monologo_centralita","Llamo muy indignado desde Chiva, en paseo Via Dani Peinado, número 85. Mi nombre es Amparo. Llevamos ya 6 horas sin agua corriente en los grifos. ¡Se me va a estropear toda la compra del frigorífico valorada en más de 188 euros! Exijo que pasen aviso urgente a la empresa responsable para que den una solución en Chiva."
"320b6dfb-3c2b-4309-9cda-a4340992bfd3",1083,1184,101,"+34686332556","operador_112_val_#123",39.412533,-0.40006,"urgente","dialogo_operador","[{""hablante"": ""operador"", ""texto"": ""112 Emergencias Valencia, dígame.""}, {""hablante"": ""llamante"", ""texto"": ""Mire, llamo desde Massanassa, en avenida Cuesta de Melchor Pelayo, número 120. Soy Esther. Un pino de gran tamaño ha caído contra el tendido eléctrico y está tocando el agua de la acera.""}, {""hablante"": ""operador"", ""texto"": ""¿Observa chispas continuas o humo en el agua?""}, {""hablante"": ""llamante"", ""texto"": ""Sí, chisporrotea de vez en cuando y la gente en los balcones tiene miedo de que alguien que intente cruzar se electrocute.""}, {""hablante"": ""operador"", ""texto"": ""Adviertan a los vecinos desde las ventanas que nadie pise el agua bajo ningún concepto. Paso aviso urgente a la compañía eléctrica y a policía local de Massanassa para acordonar.""}, {""hablante"": ""llamante"", ""texto"": ""De acuerdo, así lo hacemos. Gracias por la atención.""}]"
"46f08c33-9695-4514-9a72-cadc1e20db88",1114,1170,56,"+34704266477","servidor_buzon_emergencia_colapso",39.189035,-0.440816,"critica","monologo_centralita","¡Auxilio! ¡Somos 8 personas en el tejado de una vivienda en Algemesí, camino Pasadizo Berto Bayo, número 54! ¡Me llamo Socorro! ¡El agua ya ha sumergido toda la planta baja y el primer piso! ¡El muro lateral ha colapsado hace diez minutos! ¡Tenemos a un bebé de 10 meses con hipotermia severa y no para de llover! ¡Que venga un helicóptero a Algemesí inmediatamente! [respiración entrecortada y llantos]"
"8853a560-77fa-475c-b14e-b60ec05bfdde",1152,1250,98,"+34960370406","operador_112_val_#123",39.403475,-0.400892,"critica","dialogo_operador","[{""hablante"": ""operador"", ""texto"": ""112 Emergencias, dígame.""}, {""hablante"": ""llamante"", ""texto"": ""¡Auxilio en Catarroja! ¡El tejado donde nos hemos refugiado en calle Cuesta Amor Abascal, número 141 está cediendo por el peso del agua y la caída de un árbol! ¡Me llamo Víctor!""}, {""hablante"": ""operador"", ""texto"": ""¿Están en peligro de caída inmediata? ¿Hay menores con ustedes?""}, {""hablante"": ""llamante"", ""texto"": ""¡Sí, hay 3 niños y la viga central está rajada! ¡Si cede caemos directos a la corriente que arrastra la calle!""}, {""hablante"": ""operador"", ""texto"": ""Repartan el peso lejos de la viga fracturada y permanezcan agachados. Notifico inmediatamente a los equipos de rescate aéreo y terrestre en Catarroja.""}, {""hablante"": ""llamante"", ""texto"": ""¡Por favor, no tarden que esto va a romper! ¡Ayuda!""}]"
"dd0e92e6-5f35-40a3-903c-8f8f630d64b5",1157,1245,88,"+34707587267","operador_112_val_#124",39.398249,-0.400348,"ruido","dialogo_operador","[{""hablante"": ""operador"", ""texto"": ""112 Emergencias Valencia, dígame.""}, {""hablante"": ""llamante"", ""texto"": ""Oiga, llamo desde Catarroja, en travesía Via de Víctor Moll, número 93. Me llamo Abigaíl. Llevamos 11 horas sin suministro eléctrico y se nos va a perder los medicamentos que deben conservarse en frío. En la compañía eléctrica no atienden.""}, {""hablante"": ""operador"", ""texto"": ""Entendemos su problema, pero nuestras líneas están coordinando salvamentos en áreas anegadas de Catarroja. Debe tramitar la incidencia con su distribuidora cuando sea posible.""}, {""hablante"": ""llamante"", ""texto"": ""Comprendo la gravedad, perdonen la insistencia. Espero que se resuelva pronto.""}, {""hablante"": ""operador"", ""texto"": ""Por favor, libere la línea para las urgencias médicas y de bomberos. Gracias.""}]"
"0ecbb7ad-4854-4468-8e6d-793a3cd250f2",1160,1220,60,"+34645711189","centralita_automatica_saturada",39.411662,-0.398859,"critica","monologo_centralita","¡Emergencias, por favor! ¡Llamo desesperado desde Massanassa, en calle Cuesta de Pancho Lobo, número 158! ¡Soy Josué y un bebé de 11 meses está con oxígeno, el generador acaba de morir bajo el agua! ¡El agua sube 7 centímetros por minuto y ya cubre las camas! ¡No podemos moverlo en brazos por la corriente! ¡Necesitamos una lancha o rescate médico en Massanassa ya, se nos asfixia! [pitido agudo de línea telefónica saturada]"
"17f00996-570e-411d-8e92-54971006d103",1171,1274,103,"+34756733877","operador_112_val_#111",39.399284,-0.405069,"urgente","dialogo_operador","[{""hablante"": ""operador"", ""texto"": ""112 Emergencias, dígame.""}, {""hablante"": ""llamante"", ""texto"": ""Hola, buenas tardes. Llamo desde Catarroja, en calle C. Mónica Puerta, número 119. El agua en la calle nos llega a las rodillas y ha anegado los bajos.""}, {""hablante"": ""operador"", ""texto"": ""¿Hay alguna persona atrapada en zonas sumergidas o con riesgo vital en Catarroja?""}, {""hablante"": ""llamante"", ""texto"": ""No, afortunadamente todos los vecinos hemos subido al segundo piso, pero llevamos 16 horas sin luz y hay un vecino diabético sin insulina que empieza a encontrarse mareado.""}, {""hablante"": ""operador"", ""texto"": ""Entendido. Mantengan al paciente abrigado e hidratado en la zona alta. Registro el aviso médico prioritario para las brigadas de Catarroja.""}, {""hablante"": ""llamante"", ""texto"": ""Muchas gracias. Nos llamamos familia Cleto. Esperamos aquí dentro.""}]"
"fae4a825-ad1b-4fe6-b5ef-d930231f2754",1185,1243,58,"+34969765254","centralita_automatica_saturada",38.36762,-2.099031,"critica","monologo_centralita","¡¡No podemos salir!! ¡Ha cedido la compuerta del garaje en Letur, calle Via de Mariana Verdejo, número 24! ¡Soy Bartolomé y bajó mi vecina impedida a sacar el coche, el fango ha sellado el portón! ¡El sótano está totalmente anegado hasta el dintel! ¡Oigo golpes desesperados desde dentro pero no abre la puerta! ¡Traigan equipo pesado a Letur, por favor! [bocinas de coches sonando de forma continua]"
"975299d1-507f-4a31-b002-356a09aba385",1198,1210,12,"+34964400930","operador_112_val_#115",39.470728,-0.719075,"ruido","dialogo_operador","[{""hablante"": ""operador"", ""texto"": ""112 Emergencias, dígame.""}, {""hablante"": ""llamante"", ""texto"": ""¿Hola? ¿112? Soy Manuelita, llamo desde Chiva, cerca de calle Camino Trinidad Alcázar, número 87... ¡se entrecorta la señal, no oigo casi nada!""}, {""hablante"": ""operador"", ""texto"": ""112 le escucha, indique con claridad si hay heridos o atrapados en Chiva.""}, {""hablante"": ""llamante"", ""texto"": ""[Ruido blanco, chasquidos continuos y voz metálica ininteligible durante 12 segundos] ... ¡Hola! ¡No hay cobertura! [Corte de señal]""}, {""hablante"": ""operador"", ""texto"": ""[Llamada concluida automáticamente por caída técnica de antena de telecomunicaciones]""}]"
"dc2e1520-6a7e-411a-8947-a0fd48154b6e",1221,1314,93,"+34655508805","operador_112_val_#125",38.366972,-2.096742,"ruido","dialogo_operador","[{""hablante"": ""operador"", ""texto"": ""112 Emergencias Valencia, dígame.""}, {""hablante"": ""llamante"", ""texto"": ""Oiga, llamo desde Letur, en plaza Avenida de Rosalinda Herranz, número 68. Me llamo Hortensia. Llevamos 17 horas sin suministro eléctrico y se nos va a perder las bombas de extracción particulares del sótano. En la compañía eléctrica no atienden.""}, {""hablante"": ""operador"", ""texto"": ""Entendemos su problema, pero nuestras líneas están coordinando salvamentos en áreas anegadas de Letur. Debe tramitar la incidencia con su distribuidora cuando sea posible.""}, {""hablante"": ""llamante"", ""texto"": ""Comprendo la gravedad, perdonen la insistencia. Espero que se resuelva pronto.""}, {""hablante"": ""operador"", ""texto"": ""Por favor, libere la línea para las urgencias médicas y de bomberos. Gracias.""}]"
"5471c454-e761-428c-8a96-015a7c87d141",1226,1289,63,"+34605611092","sistema_grabacion_espera_112",39.415858,-0.396497,"urgente","monologo_centralita","Aviso urgente para los bomberos en Massanassa. Soy Jesusa, residente en camino Urbanización de Miguel Ángel Acosta, número 90. Tras la fuerza del agua de esta tarde, han aparecido grietas enormes en el muro de carga. Varios coches arrastrados han chocado contra la fachada y tememos que el edificio no sea seguro. Estamos 4 vecinos refugiados en la azotea esperando que alguien técnico venga a revisar la estructura de la finca en Massanassa."
"701236f3-4f47-49e3-ae44-fea852b532d7",1230,1308,78,"+34964290529","operador_112_val_#143",39.187414,-0.440804,"ruido","dialogo_operador","[{""hablante"": ""operador"", ""texto"": ""112 Emergencias, dígame.""}, {""hablante"": ""llamante"", ""texto"": ""Hola, buenas tardes. Soy Marita, desde paseo Alameda de César Pardo, número 127 en Algemesí. Llamaba para preguntar si mañana se suspenden las clases en las escuelas infantiles por el temporal.""}, {""hablante"": ""operador"", ""texto"": ""Las decisiones lectivas para el municipio de Algemesí se anuncian exclusivamente a través de los canales oficiales del Ayuntamiento y la Conselleria de Educación en redes sociales o radio.""}, {""hablante"": ""llamante"", ""texto"": ""De acuerdo, reviso las cuentas oficiales. Disculpe la molestia.""}, {""hablante"": ""operador"", ""texto"": ""Gracias, buenas tardes.""}]"
"3cc67fc7-6fc6-419b-8b3a-7a3665938a61",1244,1299,55,"+34662845858","centralita_automatica_saturada",39.47653,-0.718257,"urgente","monologo_centralita","Llamo desde Chiva, calle travesía Rambla de Roque Padilla, número 35. Me llamo Fidel. El agua en la calle está a medio metro pero la caja general de contadores del edificio está echando chispas y hay un olor penetrante a gas o plástico quemado en todo el hueco de la escalera. Nos da pánico que salte una chispa y haya una explosión. Por favor, avisen a la compañía y a bomberos para cortar la acometida en Chiva."
"0fb053fe-aed6-45c9-ac34-99b20c017167",1248,1295,47,"+34969899444","servidor_buzon_emergencia_colapso",38.365067,-2.097251,"ruido","monologo_centralita","Hola, buenas tardes. Les llamo desde Letur, en travesía Callejón Sol Espinosa, número 81. Me llamo Godofredo. Quería hacer una consulta porque no me queda claro si durante el turno de tarde abrirán los colegios e institutos en Letur o si el autobús hacia Valencia prestará servicio. Mi empresa me exige un justificante si no acudo al trabajo."
"0eff64eb-b2b6-4b4c-9711-2f96ba15f835",1269,1383,114,"+34964213105","operador_112_val_#115",39.402574,-0.403481,"critica","dialogo_operador","[{""hablante"": ""operador"", ""texto"": ""Centro de Emergencias 112, indique su localización exacta.""}, {""hablante"": ""llamante"", ""texto"": ""¡Socorro! ¡Soy Julie y estoy subido al techo de mi camioneta en Catarroja, en avenida Acceso de Dorotea Albero, número 22! ¡La corriente del agua se está llevando los coches alrededor!""}, {""hablante"": ""operador"", ""texto"": ""Cálmese señor/a, no se tire al agua. ¿Tiene algún punto de amarre fijo o edificación donde agarrarse en esa zona de Catarroja?""}, {""hablante"": ""llamante"", ""texto"": ""¡No hay nada cerca, solo agua torrencial y ramas! ¡El camioneta empieza a cabecear por la fuerza de la riada!""}, {""hablante"": ""operador"", ""texto"": ""Estamos triangulando su posición por la antena. Agárrese con firmeza y hágase visible. Los servicios de rescate están desplegados en la zona.""}, {""hablante"": ""llamante"", ""texto"": ""¡Tengo las piernas sin fuerza por el agua helada! ¡Venid ya, por favor!""}]"
"bacf02f1-0eb8-42fe-94ef-5ef4ee8dd0ae",1270,1316,46,"+34610191847","sistema_grabacion_espera_112",39.189772,-0.437037,"ruido","monologo_centralita","Hola, buenas tardes. Les llamo desde Algemesí, en plaza Cuesta de Olegario Uribe, número 56. Me llamo Moreno. Quería hacer una consulta porque no me queda claro si a lo largo del día de mañana abrirán los supermercados en Algemesí o si el autobús hacia Valencia prestará servicio. Mi empresa me exige un justificante si no acudo al trabajo."
"530b42f5-546d-458f-9ada-bbd7392868f4",1279,1288,9,"+34613957100","operador_112_val_#154",39.474593,-0.718577,"ruido","dialogo_operador","[{""hablante"": ""operador"", ""texto"": ""112 Emergencias, dígame.""}, {""hablante"": ""llamante"", ""texto"": ""¿Hola? ¿112? Soy Pancho, llamo desde Chiva, junto a avenida Pasaje de Alejandra Pinedo, número 103... ¡se entrecorta la señal, no oigo casi nada!""}, {""hablante"": ""operador"", ""texto"": ""112 le escucha, indique con claridad si hay heridos o atrapados en Chiva.""}, {""hablante"": ""llamante"", ""texto"": ""[Ruido blanco, chasquidos continuos y voz metálica ininteligible durante 9 segundos] ... ¡Hola! ¡No hay cobertura! [Corte de señal]""}, {""hablante"": ""operador"", ""texto"": ""[Llamada concluida automáticamente por caída técnica de antena de telecomunicaciones]""}]"
"353e5c53-c10a-4a96-b29a-878b76517daf",1306,1314,8,"+34715825943","sistema_grabacion_espera_112",38.367135,-2.098169,"ruido","monologo_centralita","¿Hola? ¿Emergencias 112? Oiga... llamo desde Letur, en calle Calle de Domitila Macias, número 7. Soy Xavier... ¡la cobertura va y viene por la tormenta! ¿Me escuchan? [Estática persistente de red celular, chasquidos de línea colapsada y pitido de fin de llamada a los 8 segundos]"
"1a9279d8-d510-4b5a-8346-37dc8751acc2",1307,1353,46,"+34705741516","sistema_grabacion_espera_112",39.412075,-0.397996,"ruido","monologo_centralita","Hola, buenas tardes. Les llamo desde Massanassa, en camino Calle de Blas Viñas, número 15. Me llamo Edu. Quería hacer una consulta porque no me queda claro si durante el turno de tarde abrirán los supermercados en Massanassa o si el autobús hacia Valencia prestará servicio. Mi empresa me exige un justificante si no acudo al trabajo."
"dc240471-625a-4ef5-86b6-acc79e0b0025",1311,1359,48,"+34752600353","sistema_grabacion_espera_112",39.470009,-0.720671,"ruido","monologo_centralita","Mire, llamo desde Chiva. Tengo un Nissan Qashqai estacionado en calle Plaza Mayte Quiroga, número 26 y la tormenta le ha provocado el retrovisor partido y ramas caídas sobre el techo. Soy Gil y quisiera saber si desde el 112 me facilitan algún número de atestado o si debo acudir directamente al Consorcio de Compensación de Seguros."
"3a0c1fdd-73e5-4c25-adb7-a73d2bdfa5de",1321,1356,35,"+34701397759","servidor_buzon_emergencia_colapso",39.475672,-0.716145,"ruido","monologo_centralita","Llamo para dar un aviso desde Chiva. En calle Cañada Vicente Mateo, número 2 hay unas chapas sueltas que golpean contra el suelo por el viento. No hay ninguna inundación grave pero estorba el paso y los vehículos tienen que esquivarlo. Mi nombre es Anacleto."
"e8bba609-6ebf-4ca6-9ce5-55364369e711",1337,1349,12,"+34969971015","operador_112_val_#101",39.430666,-0.420041,"ruido","dialogo_operador","[{""hablante"": ""operador"", ""texto"": ""112 Emergencias, dígame.""}, {""hablante"": ""llamante"", ""texto"": ""¿Hola? ¿112? Soy Gertrudis, llamo desde Paiporta, cerca de avenida Alameda de Nydia Ibañez, número 10... ¡se entrecorta la señal, no oigo casi nada!""}, {""hablante"": ""operador"", ""texto"": ""112 le escucha, indique con claridad si hay heridos o atrapados en Paiporta.""}, {""hablante"": ""llamante"", ""texto"": ""[Ruido blanco, chasquidos continuos y voz metálica ininteligible durante 12 segundos] ... ¡Hola! ¡No hay cobertura! [Corte de señal]""}, {""hablante"": ""operador"", ""texto"": ""[Llamada concluida automáticamente por caída técnica de antena de telecomunicaciones]""}]"
"e19000bf-6284-4d1a-b1b8-595558ea7b87",1348,1420,72,"+34613240604","operador_112_val_#116",39.566506,-1.201345,"ruido","dialogo_operador","[{""hablante"": ""operador"", ""texto"": ""112 Emergencias, dígame.""}, {""hablante"": ""llamante"", ""texto"": ""Hola, buenas tardes. Soy Benita, desde calle Avenida Vilma Barranco, número 145 en Utiel. Llamaba para preguntar si mañana se suspenden las clases en las escuelas infantiles por el temporal.""}, {""hablante"": ""operador"", ""texto"": ""Las decisiones lectivas para el municipio de Utiel se anuncian exclusivamente a través de los canales oficiales del Ayuntamiento y la Conselleria de Educación en redes sociales o radio.""}, {""hablante"": ""llamante"", ""texto"": ""De acuerdo, reviso las cuentas oficiales. Disculpe la molestia.""}, {""hablante"": ""operador"", ""texto"": ""Gracias, buenas tardes.""}]"
"f9dcfa6d-36d9-4a18-82e1-213420ce4b4f",1354,1396,42,"+34740559800","centralita_automatica_saturada",39.476473,-0.720122,"ruido","monologo_centralita","Llamo muy indignado desde Chiva, en plaza Plaza Amaya Lucas, número 4. Mi nombre es Alma. Llevamos ya 4 horas sin luz en todo el barrio. ¡Es inaceptable que en pleno siglo XXI estemos incomunicados en Chiva! Exijo que pasen aviso urgente a la empresa responsable para que den una solución en Chiva."
"cc1b0667-a45f-4c1b-aea6-485dc93f0b6a",1393,1402,9,"+34634240577","operador_112_val_#149",39.563959,-1.201357,"ruido","dialogo_operador","[{""hablante"": ""operador"", ""texto"": ""112 Emergencias, dígame.""}, {""hablante"": ""llamante"", ""texto"": ""¿Hola? ¿112? Soy Montserrat, llamo desde Utiel, cerca de avenida Calle de Fidela Montoya, número 63... ¡se entrecorta la señal, no oigo casi nada!""}, {""hablante"": ""operador"", ""texto"": ""112 le escucha, indique con claridad si hay heridos o atrapados en Utiel.""}, {""hablante"": ""llamante"", ""texto"": ""[Ruido blanco, chasquidos continuos y voz metálica ininteligible durante 9 segundos] ... ¡Hola! ¡No hay cobertura! [Corte de señal]""}, {""hablante"": ""operador"", ""texto"": ""[Llamada concluida automáticamente por caída técnica de antena de telecomunicaciones]""}]"
"ce978dbe-148d-4465-ad24-44e1dc2097f0",1400,1473,73,"+34967290349","operador_112_val_#147",39.190251,-0.440045,"ruido","dialogo_operador","[{""hablante"": ""operador"", ""texto"": ""112 Emergencias, dígame.""}, {""hablante"": ""llamante"", ""texto"": ""Hola, buenas tardes. Soy Manuelita, desde camino C. Nacio Puente, número 129 en Algemesí. Llamaba para preguntar si mañana se suspenden las clases en las escuelas infantiles por el temporal.""}, {""hablante"": ""operador"", ""texto"": ""Las decisiones lectivas para el municipio de Algemesí se anuncian exclusivamente a través de los canales oficiales del Ayuntamiento y la Conselleria de Educación en redes sociales o radio.""}, {""hablante"": ""llamante"", ""texto"": ""De acuerdo, reviso las cuentas oficiales. Disculpe la molestia.""}, {""hablante"": ""operador"", ""texto"": ""Gracias, buenas tardes.""}]"
"1819acd0-2a1d-4182-9978-99a0513abb3c",1407,1468,61,"+34600043811","servidor_buzon_emergencia_colapso",39.409876,-0.400878,"urgente","monologo_centralita","Aviso urgente para los bomberos en Massanassa. Soy Mercedes, residente en calle Pasadizo de Paula Nevado, número 18. Tras la fuerza del agua de esta tarde, han aparecido grietas enormes en el muro de carga. Varios coches arrastrados han chocado contra la fachada y tememos que el edificio no sea seguro. Estamos 7 vecinos refugiados en la azotea esperando que alguien técnico venga a revisar la estructura de la finca en Massanassa."
"971e7279-ed6c-4d2d-99e1-16c9ecaa86b5",1430,1479,49,"+34778308162","sistema_grabacion_espera_112",39.425616,-0.41462,"ruido","monologo_centralita","Hola, buenas tardes. Les llamo desde Paiporta, en plaza C. de Macarena Robles, número 109. Me llamo Aroa. Quería hacer una consulta porque no me queda claro si durante el turno de tarde abrirán el centro de salud en Paiporta o si el autobús hacia Valencia prestará servicio. Mi empresa me exige un justificante si no acudo al trabajo."
"aa6ba736-c78a-4d6d-8667-463250d05edd",1437,1489,52,"+34761596051","sistema_grabacion_espera_112",38.361987,-2.097877,"urgente","monologo_centralita","Mensaje para emergencias desde Letur. En paseo Via Socorro Alegre, número 83, una pared medianera de una nave antigua se ha derrumbado sobre el callejón. No hay heridos directos pero ha dejado bloqueada la única salida de tres familias que residen al fondo. El nivel del agua no sube ahora mismo pero están totalmente incomunicados. Mi nombre es René, rogamos despeje de paso."
"984a9dd1-a42d-408f-a829-de316f71d4d8",1441,1543,102,"+34757550484","operador_112_val_#153",39.472032,-0.71919,"urgente","dialogo_operador","[{""hablante"": ""operador"", ""texto"": ""112 Emergencias, dígame.""}, {""hablante"": ""llamante"", ""texto"": ""Hola, buenas tardes. Llamo desde Chiva, en paseo Vial Narcisa Carranza, número 101. El agua en la calle nos llega a las rodillas y ha anegado los bajos.""}, {""hablante"": ""operador"", ""texto"": ""¿Hay alguna persona atrapada en zonas sumergidas o con riesgo vital en Chiva?""}, {""hablante"": ""llamante"", ""texto"": ""No, afortunadamente todos los vecinos hemos subido al segundo piso, pero llevamos 7 horas sin luz y hay un vecino diabético sin insulina que empieza a encontrarse mareado.""}, {""hablante"": ""operador"", ""texto"": ""Entendido. Mantengan al paciente abrigado e hidratado en la zona alta. Registro el aviso médico prioritario para las brigadas de Chiva.""}, {""hablante"": ""llamante"", ""texto"": ""Muchas gracias. Nos llamamos familia María Carmen. Esperamos aquí dentro.""}]"
"a88368ed-f935-415d-87b8-562b34246a64",1458,1465,7,"+34754982877","sistema_grabacion_espera_112",39.413584,-0.397797,"ruido","monologo_centralita","¿Hola? ¿Emergencias 112? Oiga... llamo desde Massanassa, en paseo Avenida Antonia Calvet, número 60. Soy Maxi... ¡se entrecorta muchísimo y apenas escucho! ¿Me escuchan? [Estática persistente de red celular, chasquidos de línea colapsada y pitido de fin de llamada a los 7 segundos]"
"9866f738-1425-4405-b68e-a16d4d4ef3c5",1465,1512,47,"+34673037960","centralita_automatica_saturada",38.365169,-2.100513,"ruido","monologo_centralita","Mire, llamo desde Letur. Tengo un Renault Megane estacionado en travesía Glorieta Camilo Tapia, número 12 y la tormenta le ha provocado la chapa abollada y los neumáticos cubiertos de fango. Soy Gertrudis y quisiera saber si desde el 112 me facilitan algún número de atestado o si debo acudir directamente al Consorcio de Compensación de Seguros."
"4b960cc8-0f9b-4cf9-9e05-0f57ef599e77",1497,1593,96,"+34621675669","operador_112_val_#156",38.363671,-2.101063,"ruido","dialogo_operador","[{""hablante"": ""operador"", ""texto"": ""112 Emergencias Valencia, dígame.""}, {""hablante"": ""llamante"", ""texto"": ""Oiga, llamo desde Letur, en calle Pasadizo de Candela Prat, número 140. Me llamo Hector. Llevamos 13 horas sin suministro eléctrico y se nos va a perder los medicamentos que deben conservarse en frío. En la compañía eléctrica no atienden.""}, {""hablante"": ""operador"", ""texto"": ""Entendemos su problema, pero nuestras líneas están coordinando salvamentos en áreas anegadas de Letur. Debe tramitar la incidencia con su distribuidora cuando sea posible.""}, {""hablante"": ""llamante"", ""texto"": ""Comprendo la gravedad, perdonen la insistencia. Espero que se resuelva pronto.""}, {""hablante"": ""operador"", ""texto"": ""Por favor, libere la línea para las urgencias médicas y de bomberos. Gracias.""}]"
"bd8e5464-de0c-482b-ad44-e862aad06048",1553,1565,12,"+34792219196","centralita_automatica_saturada",39.568508,-1.202844,"ruido","monologo_centralita","[Sonido ambiental de lluvia torrencial y pasos acelerados sobre charcos en Utiel. Se escucha una voz que dice: '¡Quirino, cuidado con la corriente que viene de avenida Cañada de Venceslás Patiño, número 154!'. Roce continuo del terminal en el bolsillo, marcación involuntaria y corte de llamada tras 12 segundos]"
"4ad5e3f0-7a5f-4619-b993-ec51c9e166bc",1558,1611,53,"+34768682848","centralita_automatica_saturada",39.398281,-0.402235,"urgente","monologo_centralita","Mensaje para emergencias desde Catarroja. En camino Glorieta Bárbara Bernal, número 148, una pared medianera de una nave antigua se ha derrumbado sobre el callejón. No hay heridos directos pero ha dejado bloqueada la única salida de tres familias que residen al fondo. El nivel del agua no sube ahora mismo pero están totalmente incomunicados. Mi nombre es Hipólito, rogamos despeje de paso."
"7d8e019f-c972-4a20-a80b-370cffb039a6",1593,1649,56,"+34777482825","centralita_automatica_saturada",39.472228,-0.718106,"urgente","monologo_centralita","Urgencia para Protección Civil en Chiva. Soy Fátima, en las instalaciones con 17 animales cercanas a camino Calle de Vera Quintanilla, número 64. El agua inunda la planta a 84 centímetros. Hemos logrado subir a los animales a jaulas altas pero si vuelve a llover con fuerza no aguantarán. Nosotros estamos en el altillo a salvo pero necesitamos apoyo logístico o furgonetas altas en Chiva."
"56e77f33-b5cd-4c30-b624-4a6cb76f5de2",1640,1711,71,"+34759384246","operador_112_val_#143",38.362997,-2.100404,"ruido","dialogo_operador","[{""hablante"": ""operador"", ""texto"": ""112 Emergencias, dígame.""}, {""hablante"": ""llamante"", ""texto"": ""Hola, buenas tardes. Soy Rubén, desde avenida Via Hipólito Olivé, número 129 en Letur. Llamaba para preguntar si mañana se suspenden las clases en los centros de formación por el temporal.""}, {""hablante"": ""operador"", ""texto"": ""Las decisiones lectivas para el municipio de Letur se anuncian exclusivamente a través de los canales oficiales del Ayuntamiento y la Conselleria de Educación en redes sociales o radio.""}, {""hablante"": ""llamante"", ""texto"": ""De acuerdo, reviso las cuentas oficiales. Disculpe la molestia.""}, {""hablante"": ""operador"", ""texto"": ""Gracias, buenas tardes.""}]"
"f70796e7-9051-4d6c-8b76-58cca9235c52",1642,1652,10,"+34782725202","servidor_buzon_emergencia_colapso",39.40498,-0.400646,"ruido","monologo_centralita","[Sonido ambiental de lluvia torrencial y pasos acelerados sobre charcos en Catarroja. Se escucha una voz que dice: '¡Blanca, cuidado con la corriente que viene de avenida Cañada de Julio Olivé, número 132!'. Roce continuo del terminal en el bolsillo, marcación involuntaria y corte de llamada tras 10 segundos]"
"7ed9adb3-6407-49a2-bf13-87df494826ac",1692,1789,97,"+34762921153","operador_112_val_#159",39.190101,-0.433752,"urgente","dialogo_operador","[{""hablante"": ""operador"", ""texto"": ""112 Emergencias, dígame.""}, {""hablante"": ""llamante"", ""texto"": ""Hola, buenas tardes. Llamo desde Algemesí, en camino Rambla Marcela Cuesta, número 142. El agua en la calle nos llega a las rodillas y ha anegado los bajos.""}, {""hablante"": ""operador"", ""texto"": ""¿Hay alguna persona atrapada en zonas sumergidas o con riesgo vital en Algemesí?""}, {""hablante"": ""llamante"", ""texto"": ""No, afortunadamente todos los vecinos hemos subido al segundo piso, pero llevamos 17 horas sin luz y hay un vecino diabético sin insulina que empieza a encontrarse mareado.""}, {""hablante"": ""operador"", ""texto"": ""Entendido. Mantengan al paciente abrigado e hidratado en la zona alta. Registro el aviso médico prioritario para las brigadas de Algemesí.""}, {""hablante"": ""llamante"", ""texto"": ""Muchas gracias. Nos llamamos familia Fátima. Esperamos aquí dentro.""}]"
"a39ee64f-66d3-4be6-97fe-607eae43ba13",1715,1786,71,"+34798075734","operador_112_val_#145",39.470917,-0.719033,"ruido","dialogo_operador","[{""hablante"": ""operador"", ""texto"": ""112 Emergencias, dígame.""}, {""hablante"": ""llamante"", ""texto"": ""Hola, buenas tardes. Soy Iker, desde paseo Pasaje de Perla Daza, número 120 en Chiva. Llamaba para preguntar si mañana se suspenden las clases en el campus universitario por el temporal.""}, {""hablante"": ""operador"", ""texto"": ""Las decisiones lectivas para el municipio de Chiva se anuncian exclusivamente a través de los canales oficiales del Ayuntamiento y la Conselleria de Educación en redes sociales o radio.""}, {""hablante"": ""llamante"", ""texto"": ""De acuerdo, reviso las cuentas oficiales. Disculpe la molestia.""}, {""hablante"": ""operador"", ""texto"": ""Gracias, buenas tardes.""}]"
"af334501-bc7e-4778-8fdd-14df3eb02bcc",1719,1792,73,"+34783757829","operador_112_val_#111",39.426519,-0.418898,"ruido","dialogo_operador","[{""hablante"": ""operador"", ""texto"": ""112 Emergencias, dígame.""}, {""hablante"": ""llamante"", ""texto"": ""Buenas tardes, soy Albano. Quería consultar si la V-30 a la altura de Paiporta está transitable para salir con mi camión ligero.""}, {""hablante"": ""operador"", ""texto"": ""Señor/a, el 112 atiende rescates y emergencias con riesgo vital. Para la viabilidad de carreteras en Paiporta debe consultar la web de la DGT o el 012.""}, {""hablante"": ""llamante"", ""texto"": ""Disculpen, no pretendía entorpecer el servicio. Miro el boletín oficial de tráfico.""}, {""hablante"": ""operador"", ""texto"": ""Muchas gracias por colaborar. Mantenga las líneas despejadas.""}]"
