id_llamada,hora_inicio,hora_fin,duracion_segundos,origen,receptor,coordenadas,categoria,tipo_transcripcion,transcripcion
87d58ec6-1433-4bcd-b07a-9dd7211627db,2024-12-20T11:16:33,2024-12-20T11:16:56,23,+34964202564,centralita_automatica_saturada,"39.491608,-0.363427",urgente,monologo_centralita,"Hola, estamos en el segundo piso, de momento estamos bien de agua pero hay un coche flotando en la puerta que está golpeando la finca. Necesitamos que lo tengan en cuenta cuando puedan."
329486c0-4de3-4dbe-b0d0-116c86d541a4,2024-12-20T20:03:51,2024-12-20T20:04:01,10,+34634947410,servidor_buzon_emergencia_colapso,"39.420524,-0.424489",urgente,monologo_centralita,"Oigan, en la calle Mayor tenemos a tres perros atrapados en una caseta del patio. El agua no sube más pero no podemos llegar a ellos. Avísenme si viene Protección Civil."
86576555-1bf3-4bd8-af09-873662d74181,2024-12-20T16:53:43,2024-12-20T16:53:52,9,+34968377215,operador_112_val_#121,"39.533765,-0.644301",ruido,dialogo_operador,"[{""hablante"": ""operador"", ""texto"": ""112 Emergencias, dígame.""}, {""hablante"": ""llamante"", ""texto"": ""¿Oiga? ¿Mañana abren los colegios o qué hacemos?""}, {""hablante"": ""operador"", ""texto"": ""Señora, sigan los canales oficiales de la Generalitat. Por favor mantenga la línea despejada.""}, {""hablante"": ""llamante"", ""texto"": ""Vaya atención... [Corte]""}]"
199d9ca8-bbd8-4f20-9e1b-b81effe71e12,2024-12-20T23:52:01,2024-12-20T23:52:03,2,+34752520473,sistema_grabacion_espera_112,"39.436099,-0.413968",ruido,monologo_centralita,"Buenas tardes, ¿saben si mañana va a funcionar la línea 1 de metro o estará cortada? Es que tengo turno a las siete."
49c91741-9c04-4a45-9685-4e114a58cfd4,2024-12-20T11:42:19,2024-12-20T11:43:10,51,+34783209550,operador_112_val_#154,"39.321662,-0.380237",ruido,dialogo_operador,"[{""hablante"": ""operador"", ""texto"": ""112 Emergencias, dígame.""}, {""hablante"": ""llamante"", ""texto"": ""¿Oiga? ¿Mañana abren los colegios o qué hacemos?""}, {""hablante"": ""operador"", ""texto"": ""Señora, sigan los canales oficiales de la Generalitat. Por favor mantenga la línea despejada.""}, {""hablante"": ""llamante"", ""texto"": ""Vaya atención... [Corte]""}]"
c5490af7-3ba8-4e6a-a543-4cbaf7a02d84,2024-12-20T20:08:37,2024-12-20T20:08:55,18,+34694369390,servidor_buzon_emergencia_colapso,"39.411201,-0.418557",ruido,monologo_centralita,"Llamo para protestar porque llevamos cuatro horas sin luz en el barrio. ¡Esto es una vergüenza, que me voy a perder todo lo que tengo en el congelador!"
9e6224e6-1e27-4a48-85b3-166b975fe452,2024-12-20T16:59:14,2024-12-20T16:59:25,11,+34639562420,centralita_automatica_saturada,"39.376364,-0.601489",ruido,monologo_centralita,"Llamo para protestar porque llevamos cuatro horas sin luz en el barrio. ¡Esto es una vergüenza, que me voy a perder todo lo que tengo en el congelador!"
4cab27cb-15e9-45e1-a761-d915734e2b80,2024-12-20T23:58:10,2024-12-20T23:58:13,3,+34793644617,centralita_automatica_saturada,"39.459793,-0.527145",ruido,monologo_centralita,¡Son unos sinvergüenzas! ¡La alarma ha sonado cuando ya teníamos el agua hasta las rodillas! ¡Dimisión es lo que tenéis que hacer!
760160bf-b8e6-441f-a6e9-88e3380037e0,2024-12-20T13:04:46,2024-12-20T13:05:16,30,+34791789837,operador_112_val_#133,"39.530708,-0.409619",ruido,dialogo_operador,"[{""hablante"": ""operador"", ""texto"": ""112 Emergencias, dígame.""}, {""hablante"": ""llamante"", ""texto"": ""Mire, es que no tenemos luz en toda la manzana y la nevera se va a estropear.""}, {""hablante"": ""operador"", ""texto"": ""Caballero, esta línea es exclusivamente para emergencias con riesgo para las personas. Contacte con su compañía eléctrica.""}, {""hablante"": ""llamante"", ""texto"": ""¡Pero es que nadie coge el teléfono allí!""}, {""hablante"": ""operador"", ""texto"": ""Debo liberar la línea para llamadas vitales. Buenas noches. [Cuelga]""}]"
84163e10-e499-4364-a945-c2db5d86eb87,2024-12-20T20:13:09,2024-12-20T20:15:16,127,+34617293009,operador_112_val_#136,"39.500325,-0.606576",critica,dialogo_operador,"[{""hablante"": ""operador"", ""texto"": ""112 Emergencias, ¿cuál es su emergencia?""}, {""hablante"": ""llamante"", ""texto"": ""¡Estoy subido al techo de mi coche! ¡La corriente del barranco me está arrastrando!""}, {""hablante"": ""operador"", ""texto"": ""Señor, no intente nadar en la corriente. Agárrese con fuerza a cualquier punto fijo si puede.""}, {""hablante"": ""llamante"", ""texto"": ""¡No hay nada! ¡Solo coches flotando! ¡Por favor venid ya!""}, {""hablante"": ""operador"", ""texto"": ""Estamos triangulando su posición. Manténgase visible y sujeto al vehículo.""}]"
83cd6fd0-c7cc-4d6c-8f50-8023fc105890,2024-12-20T16:59:26,2024-12-20T16:59:32,6,+34648774920,sistema_grabacion_espera_112,"39.475446,-0.49421",ruido,monologo_centralita,[Silencio prolongado] ... [Respiración agitada] ... [Ruido sordo de caída y pitido de desconexión]
61231bb5-9cb7-40fb-80c9-bc30d31b8c76,2024-12-20T13:12:57,2024-12-20T13:14:18,81,+34969269284,operador_112_val_#118,"39.320332,-0.629001",urgente,dialogo_operador,"[{""hablante"": ""operador"", ""texto"": ""112 Emergencias.""}, {""hablante"": ""llamante"", ""texto"": ""Buenas noches, mire, tenemos el garaje comunitario completamente inundado con dos metros.""}, {""hablante"": ""operador"", ""texto"": ""¿Hay alguna persona atrapada dentro del garaje o en peligro?""}, {""hablante"": ""llamante"", ""texto"": ""No, que sepamos no, solo los vehículos. Pero el agua está empezando a filtrar al portal.""}, {""hablante"": ""operador"", ""texto"": ""De acuerdo. Nadie debe bajar al sótano bajo ningún concepto. Anoto la incidencia con prioridad técnica.""}]"
80c176eb-b936-42ff-92fa-fd810fdb4c01,2024-12-20T20:31:59,2024-12-20T20:32:15,16,+34734068714,sistema_grabacion_espera_112,"39.521578,-0.47213",urgente,monologo_centralita,"Oigan, en la calle Mayor tenemos a tres perros atrapados en una caseta del patio. El agua no sube más pero no podemos llegar a ellos. Avísenme si viene Protección Civil."
2d3cfca9-0c41-43df-b033-f6f7e1dd61b2,2024-12-20T17:05:44,2024-12-20T17:06:41,57,+34965875522,centralita_automatica_saturada,"39.388116,-0.588789",ruido,monologo_centralita,¿Oiga? ¿El consorcio de seguros se encarga si me ha entrado agua en el maletero? Porque mi aseguradora no me contesta.
c8914f75-e39a-4907-a317-1bb6a82aa6d6,2024-12-20T13:14:53,2024-12-20T13:15:20,27,+34962289811,operador_112_val_#101,"39.41661,-0.479028",ruido,dialogo_operador,"[{""hablante"": ""operador"", ""texto"": ""112 Emergencias, dígame.""}, {""hablante"": ""llamante"", ""texto"": ""Mire, es que no tenemos luz en toda la manzana y la nevera se va a estropear.""}, {""hablante"": ""operador"", ""texto"": ""Caballero, esta línea es exclusivamente para emergencias con riesgo para las personas. Contacte con su compañía eléctrica.""}, {""hablante"": ""llamante"", ""texto"": ""¡Pero es que nadie coge el teléfono allí!""}, {""hablante"": ""operador"", ""texto"": ""Debo liberar la línea para llamadas vitales. Buenas noches. [Cuelga]""}]"
9e07427f-8861-4b19-9c32-d74112d037d9,2024-12-20T20:34:58,2024-12-20T20:35:10,12,+34697734799,operador_112_val_#114,"39.354705,-0.621012",ruido,dialogo_operador,"[{""hablante"": ""operador"", ""texto"": ""112 Emergencias, dígame.""}, {""hablante"": ""llamante"", ""texto"": ""¿Oiga? ¿Mañana abren los colegios o qué hacemos?""}, {""hablante"": ""operador"", ""texto"": ""Señora, sigan los canales oficiales de la Generalitat. Por favor mantenga la línea despejada.""}, {""hablante"": ""llamante"", ""texto"": ""Vaya atención... [Corte]""}]"
d298638d-9f16-4500-94bd-24863b10cb6b,2024-12-20T17:08:30,2024-12-20T17:09:05,35,+34653704248,operador_112_val_#143,"39.307618,-0.428574",urgente,dialogo_operador,"[{""hablante"": ""operador"", ""texto"": ""112 Emergencias, dígame.""}, {""hablante"": ""llamante"", ""texto"": ""Hola, estoy en mi casa en una primera planta. El agua está en el portal y no puedo salir.""}, {""hablante"": ""operador"", ""texto"": ""¿Está subiendo el agua a su vivienda?""}, {""hablante"": ""llamante"", ""texto"": ""No, está estancada abajo, pero no tengo comida ni luz.""}, {""hablante"": ""operador"", ""texto"": ""Permanezca en la planta alta y no intente cruzar el agua. Los equipos de auxilio están en la zona priorizando rescates vitales.""}]"
2ee295a9-9bc1-4af0-aae1-0f06eede99f7,2024-12-20T13:52:43,2024-12-20T13:52:59,16,+34756725983,centralita_automatica_saturada,"39.430208,-0.436891",ruido,monologo_centralita,¡Son unos sinvergüenzas! ¡La alarma ha sonado cuando ya teníamos el agua hasta las rodillas! ¡Dimisión es lo que tenéis que hacer!
0fe36318-94dc-4616-84dd-d0ca0663fee0,2024-12-20T20:35:53,2024-12-20T20:36:48,55,+34787128864,centralita_automatica_saturada,"39.509112,-0.609314",ruido,monologo_centralita,[Silencio prolongado] ... [Respiración agitada] ... [Ruido sordo de caída y pitido de desconexión]
91030482-1ef2-41a6-9144-c9882ac506f6,2024-12-20T17:10:01,2024-12-20T17:10:10,9,+34700812390,operador_112_val_#136,"39.377156,-0.437339",ruido,dialogo_operador,"[{""hablante"": ""operador"", ""texto"": ""112 Emergencias, dígame.""}, {""hablante"": ""llamante"", ""texto"": ""Mire, es que no tenemos luz en toda la manzana y la nevera se va a estropear.""}, {""hablante"": ""operador"", ""texto"": ""Caballero, esta línea es exclusivamente para emergencias con riesgo para las personas. Contacte con su compañía eléctrica.""}, {""hablante"": ""llamante"", ""texto"": ""¡Pero es que nadie coge el teléfono allí!""}, {""hablante"": ""operador"", ""texto"": ""Debo liberar la línea para llamadas vitales. Buenas noches. [Cuelga]""}]"
177a1959-847d-487c-8b35-d489259e7986,2024-12-20T13:54:14,2024-12-20T13:54:16,2,+34963845406,operador_112_val_#160,"39.339622,-0.554371",ruido,dialogo_operador,"[{""hablante"": ""operador"", ""texto"": ""112 Emergencias, dígame.""}, {""hablante"": ""llamante"", ""texto"": ""¿Oiga? ¿Mañana abren los colegios o qué hacemos?""}, {""hablante"": ""operador"", ""texto"": ""Señora, sigan los canales oficiales de la Generalitat. Por favor mantenga la línea despejada.""}, {""hablante"": ""llamante"", ""texto"": ""Vaya atención... [Corte]""}]"
c1983e9c-6c71-48dd-b914-7aed0afaccdf,2024-12-20T20:43:01,2024-12-20T20:43:03,2,+34757298212,centralita_automatica_saturada,"39.434378,-0.504902",ruido,monologo_centralita,[Estática] ... ¿Hola? ¿Hay alguien ahí? ... [Corte de llamada]
138a06e8-4623-4090-a5c7-0dedb1c3e109,2024-12-20T17:35:16,2024-12-20T17:36:28,72,+34967443776,operador_112_val_#151,"39.354254,-0.516821",critica,dialogo_operador,"[{""hablante"": ""operador"", ""texto"": ""112 Emergencias Valencia, dígame.""}, {""hablante"": ""llamante"", ""texto"": ""¡Ayuda por favor! ¡El agua está entrando por las ventanas y estamos atrapados!""}, {""hablante"": ""operador"", ""texto"": ""Tranquilicese, mantenga la calma. ¿Tienen acceso a un piso superior o terraza?""}, {""hablante"": ""llamante"", ""texto"": ""¡No, es una planta baja! ¡El agua nos llega al pecho ya!""}, {""hablante"": ""operador"", ""texto"": ""Suban sobre mesas o encimeras inmediatamente. Priorizo su aviso a rescate acuático. No cuelgue.""}, {""hablante"": ""llamante"", ""texto"": ""¡Rápido por favor, que se apagan las luces!""}]"
58dfdf1c-20e4-436a-a2e7-e0f0d89ea3de,2024-12-20T20:43:04,2024-12-20T20:43:16,12,+34770332345,centralita_automatica_saturada,"39.411743,-0.41494",ruido,monologo_centralita,"Llamo para protestar porque llevamos cuatro horas sin luz en el barrio. ¡Esto es una vergüenza, que me voy a perder todo lo que tengo en el congelador!"
20b4aead-d81c-4ed1-82f8-8aa8759f1a16,2024-12-20T14:18:23,2024-12-20T14:19:03,40,+34963518206,sistema_grabacion_espera_112,"39.525018,-0.626098",ruido,monologo_centralita,"Buenas tardes, ¿saben si mañana va a funcionar la línea 1 de metro o estará cortada? Es que tengo turno a las siete."
33dc5992-879d-4059-bb45-7456c2ec8d15,2024-12-20T17:35:21,2024-12-20T17:37:11,110,+34962851699,operador_112_val_#143,"39.443973,-0.541323",urgente,dialogo_operador,"[{""hablante"": ""operador"", ""texto"": ""112 Emergencias, dígame.""}, {""hablante"": ""llamante"", ""texto"": ""Hola, estoy en mi casa en una primera planta. El agua está en el portal y no puedo salir.""}, {""hablante"": ""operador"", ""texto"": ""¿Está subiendo el agua a su vivienda?""}, {""hablante"": ""llamante"", ""texto"": ""No, está estancada abajo, pero no tengo comida ni luz.""}, {""hablante"": ""operador"", ""texto"": ""Permanezca en la planta alta y no intente cruzar el agua. Los equipos de auxilio están en la zona priorizando rescates vitales.""}]"
5ef5f48f-a10c-4f68-9e84-2f6e9617c106,2024-12-20T14:25:56,2024-12-20T14:26:08,12,+34968933515,operador_112_val_#110,"39.474358,-0.456195",ruido,dialogo_operador,"[{""hablante"": ""operador"", ""texto"": ""112 Emergencias, dígame.""}, {""hablante"": ""llamante"", ""texto"": ""¿Oiga? ¿Mañana abren los colegios o qué hacemos?""}, {""hablante"": ""operador"", ""texto"": ""Señora, sigan los canales oficiales de la Generalitat. Por favor mantenga la línea despejada.""}, {""hablante"": ""llamante"", ""texto"": ""Vaya atención... [Corte]""}]"
2d7cc77b-f7ff-45ad-8495-2bee73ba911f,2024-12-20T20:44:32,2024-12-20T20:44:49,17,+34788737875,servidor_buzon_emergencia_colapso,"39.404786,-0.443264",critica,monologo_centralita,"¡Por favor! ¡Que alguien venga! ¡El agua nos llega por el cuello en el bajo! ¡Mis hijos están encima del armario! ¡Se va la luz, mare de Déu, ayudaaaa! [Gritos de fondo y corte]"
591b0085-835b-4cfd-bb4a-144e8f828fb6,2024-12-20T08:05:26,2024-12-20T08:06:15,49,+34740076756,operador_112_val_#153,"39.311436,-0.460661",ruido,dialogo_operador,"[{""hablante"": ""operador"", ""texto"": ""112 Emergencias, dígame.""}, {""hablante"": ""llamante"", ""texto"": ""¿Oiga? ¿Mañana abren los colegios o qué hacemos?""}, {""hablante"": ""operador"", ""texto"": ""Señora, sigan los canales oficiales de la Generalitat. Por favor mantenga la línea despejada.""}, {""hablante"": ""llamante"", ""texto"": ""Vaya atención... [Corte]""}]"
41169281-1d3a-4940-ba14-114af2d5307d,2024-12-20T17:38:52,2024-12-20T17:39:09,17,+34966826267,operador_112_val_#118,"39.476994,-0.474469",ruido,dialogo_operador,"[{""hablante"": ""operador"", ""texto"": ""112 Emergencias, dígame.""}, {""hablante"": ""llamante"", ""texto"": ""¿Oiga? ¿Mañana abren los colegios o qué hacemos?""}, {""hablante"": ""operador"", ""texto"": ""Señora, sigan los canales oficiales de la Generalitat. Por favor mantenga la línea despejada.""}, {""hablante"": ""llamante"", ""texto"": ""Vaya atención... [Corte]""}]"
13df3b74-c929-46a4-946f-dde181ccc617,2024-12-20T14:28:03,2024-12-20T14:28:28,25,+34969824419,sistema_grabacion_espera_112,"39.536179,-0.463993",critica,monologo_centralita,¡112 por favor cogedlo! ¡Ha caído la pared del patio y está entrando todo el barro de golpe! ¡Mi madre no puede caminar! ¡Estamos en el altillo atrapados!
b65153ab-77b4-41e4-afce-7da44ecb56f9,2024-12-20T20:58:23,2024-12-20T20:59:20,57,+34743854120,servidor_buzon_emergencia_colapso,"39.468951,-0.544422",ruido,monologo_centralita,¿Oiga? ¿El consorcio de seguros se encarga si me ha entrado agua en el maletero? Porque mi aseguradora no me contesta.
c4558115-866b-4a56-a14b-b59fc3f77a54,2024-12-20T17:48:41,2024-12-20T17:49:37,56,+34714937897,operador_112_val_#119,"39.463917,-0.375246",ruido,dialogo_operador,"[{""hablante"": ""operador"", ""texto"": ""112 Emergencias, dígame.""}, {""hablante"": ""llamante"", ""texto"": ""Mire, es que no tenemos luz en toda la manzana y la nevera se va a estropear.""}, {""hablante"": ""operador"", ""texto"": ""Caballero, esta línea es exclusivamente para emergencias con riesgo para las personas. Contacte con su compañía eléctrica.""}, {""hablante"": ""llamante"", ""texto"": ""¡Pero es que nadie coge el teléfono allí!""}, {""hablante"": ""operador"", ""texto"": ""Debo liberar la línea para llamadas vitales. Buenas noches. [Cuelga]""}]"
17389a1e-f5d4-4763-bc9f-761d0da77111,2024-12-20T14:32:08,2024-12-20T14:36:08,240,+34624802525,operador_112_val_#123,"39.359778,-0.537711",critica,dialogo_operador,"[{""hablante"": ""operador"", ""texto"": ""112 Emergencias Valencia, dígame.""}, {""hablante"": ""llamante"", ""texto"": ""¡Ayuda por favor! ¡El agua está entrando por las ventanas y estamos atrapados!""}, {""hablante"": ""operador"", ""texto"": ""Tranquilicese, mantenga la calma. ¿Tienen acceso a un piso superior o terraza?""}, {""hablante"": ""llamante"", ""texto"": ""¡No, es una planta baja! ¡El agua nos llega al pecho ya!""}, {""hablante"": ""operador"", ""texto"": ""Suban sobre mesas o encimeras inmediatamente. Priorizo su aviso a rescate acuático. No cuelgue.""}, {""hablante"": ""llamante"", ""texto"": ""¡Rápido por favor, que se apagan las luces!""}]"
5adf9a73-4079-412c-8f75-f7ec8190d647,2024-12-20T21:03:27,2024-12-20T21:03:36,9,+34755172832,operador_112_val_#144,"39.465181,-0.530736",ruido,dialogo_operador,"[{""hablante"": ""operador"", ""texto"": ""112 Emergencias, dígame.""}, {""hablante"": ""llamante"", ""texto"": ""Mire, es que no tenemos luz en toda la manzana y la nevera se va a estropear.""}, {""hablante"": ""operador"", ""texto"": ""Caballero, esta línea es exclusivamente para emergencias con riesgo para las personas. Contacte con su compañía eléctrica.""}, {""hablante"": ""llamante"", ""texto"": ""¡Pero es que nadie coge el teléfono allí!""}, {""hablante"": ""operador"", ""texto"": ""Debo liberar la línea para llamadas vitales. Buenas noches. [Cuelga]""}]"
b998c618-d831-4f9d-8c5c-e4e385014937,2024-12-20T18:02:27,2024-12-20T18:03:08,41,+34960355553,centralita_automatica_saturada,"39.461912,-0.553871",urgente,monologo_centralita,"Miren, llamo porque tengo el bajo del negocio anegado con medio metro de agua. No corre peligro mi vida pero esto sigue entrando por la puerta. ¿Va a venir alguna patrulla a cortar la calle?"
52fff98b-bcea-491d-944e-abaa38337abe,2024-12-20T15:11:46,2024-12-20T15:12:24,38,+34602027868,centralita_automatica_saturada,"39.383214,-0.516972",critica,monologo_centralita,¡112 por favor cogedlo! ¡Ha caído la pared del patio y está entrando todo el barro de golpe! ¡Mi madre no puede caminar! ¡Estamos en el altillo atrapados!
cbaa2889-c1ac-4edb-afac-ecbcdd4f742c,2024-12-20T21:22:19,2024-12-20T21:22:51,32,+34604501796,servidor_buzon_emergencia_colapso,"39.332813,-0.627884",ruido,monologo_centralita,[Silencio prolongado] ... [Respiración agitada] ... [Ruido sordo de caída y pitido de desconexión]
c2b5d296-62da-4e0b-90b6-13ebc73c1bdf,2024-12-20T08:37:11,2024-12-20T08:38:14,63,+34668264819,operador_112_val_#111,"39.338802,-0.647613",urgente,dialogo_operador,"[{""hablante"": ""operador"", ""texto"": ""112 Emergencias.""}, {""hablante"": ""llamante"", ""texto"": ""Buenas noches, mire, tenemos el garaje comunitario completamente inundado con dos metros.""}, {""hablante"": ""operador"", ""texto"": ""¿Hay alguna persona atrapada dentro del garaje o en peligro?""}, {""hablante"": ""llamante"", ""texto"": ""No, que sepamos no, solo los vehículos. Pero el agua está empezando a filtrar al portal.""}, {""hablante"": ""operador"", ""texto"": ""De acuerdo. Nadie debe bajar al sótano bajo ningún concepto. Anoto la incidencia con prioridad técnica.""}]"
95514891-1c61-4346-9d70-2356e89878ed,2024-12-20T18:18:21,2024-12-20T18:18:55,34,+34966803575,centralita_automatica_saturada,"39.373038,-0.419552",urgente,monologo_centralita,"Hola, estamos en el segundo piso, de momento estamos bien de agua pero hay un coche flotando en la puerta que está golpeando la finca. Necesitamos que lo tengan en cuenta cuando puedan."
b25b7059-b190-4446-944c-0a86b1e2754b,2024-12-20T15:24:21,2024-12-20T15:24:23,2,+34964535760,servidor_buzon_emergencia_colapso,"39.424123,-0.586248",ruido,monologo_centralita,"Buenas tardes, ¿saben si mañana va a funcionar la línea 1 de metro o estará cortada? Es que tengo turno a las siete."
af53fab3-b685-4c7a-9a45-58df9ffe341a,2024-12-20T21:28:33,2024-12-20T21:28:51,18,+34716773983,sistema_grabacion_espera_112,"39.343684,-0.370105",ruido,monologo_centralita,¿Oiga? ¿El consorcio de seguros se encarga si me ha entrado agua en el maletero? Porque mi aseguradora no me contesta.
37966c8d-a805-4522-8061-8f52a4ce622c,2024-12-20T18:32:09,2024-12-20T18:32:18,9,+34714292605,sistema_grabacion_espera_112,"39.322258,-0.404213",ruido,monologo_centralita,[Estática] ... ¿Hola? ¿Hay alguien ahí? ... [Corte de llamada]
396b376a-c221-4ed3-8ead-0219381b2b39,2024-12-20T15:25:36,2024-12-20T15:26:04,28,+34702189798,centralita_automatica_saturada,"39.501507,-0.43821",ruido,monologo_centralita,¡Son unos sinvergüenzas! ¡La alarma ha sonado cuando ya teníamos el agua hasta las rodillas! ¡Dimisión es lo que tenéis que hacer!
9f09c468-6fdd-4416-b88e-113f89c5e965,2024-12-20T21:45:04,2024-12-20T21:45:27,23,+34608047080,operador_112_val_#132,"39.317532,-0.605309",ruido,dialogo_operador,"[{""hablante"": ""operador"", ""texto"": ""112 Emergencias, dígame.""}, {""hablante"": ""llamante"", ""texto"": ""¿Oiga? ¿Mañana abren los colegios o qué hacemos?""}, {""hablante"": ""operador"", ""texto"": ""Señora, sigan los canales oficiales de la Generalitat. Por favor mantenga la línea despejada.""}, {""hablante"": ""llamante"", ""texto"": ""Vaya atención... [Corte]""}]"
3fe00c0c-033b-4aba-8caf-5e50a043f38c,2024-12-20T18:33:06,2024-12-20T18:33:53,47,+34739221250,centralita_automatica_saturada,"39.395699,-0.581028",ruido,monologo_centralita,[Silencio prolongado] ... [Respiración agitada] ... [Ruido sordo de caída y pitido de desconexión]
b8339cd9-db99-4bef-8c07-241f53485233,2024-12-20T15:32:37,2024-12-20T15:32:56,19,+34602419782,centralita_automatica_saturada,"39.454389,-0.638558",urgente,monologo_centralita,"Hola, estamos en el segundo piso, de momento estamos bien de agua pero hay un coche flotando en la puerta que está golpeando la finca. Necesitamos que lo tengan en cuenta cuando puedan."
bfb40a1a-3b22-4fba-9bd8-b8f5cb353bda,2024-12-20T21:45:56,2024-12-20T21:45:59,3,+34654650799,operador_112_val_#130,"39.309668,-0.517278",ruido,dialogo_operador,"[{""hablante"": ""operador"", ""texto"": ""112 Emergencias, dígame.""}, {""hablante"": ""llamante"", ""texto"": ""Mire, es que no tenemos luz en toda la manzana y la nevera se va a estropear.""}, {""hablante"": ""operador"", ""texto"": ""Caballero, esta línea es exclusivamente para emergencias con riesgo para las personas. Contacte con su compañía eléctrica.""}, {""hablante"": ""llamante"", ""texto"": ""¡Pero es que nadie coge el teléfono allí!""}, {""hablante"": ""operador"", ""texto"": ""Debo liberar la línea para llamadas vitales. Buenas noches. [Cuelga]""}]"
ffb1b09e-513b-4d5d-b674-6bdc5d286eca,2024-12-20T18:35:42,2024-12-20T18:35:54,12,+34628944732,operador_112_val_#123,"39.395835,-0.378501",ruido,dialogo_operador,"[{""hablante"": ""operador"", ""texto"": ""112 Emergencias, dígame.""}, {""hablante"": ""llamante"", ""texto"": ""¿Oiga? ¿Mañana abren los colegios o qué hacemos?""}, {""hablante"": ""operador"", ""texto"": ""Señora, sigan los canales oficiales de la Generalitat. Por favor mantenga la línea despejada.""}, {""hablante"": ""llamante"", ""texto"": ""Vaya atención... [Corte]""}]"
192c84fe-3582-47d6-a421-d75740e4e479,2024-12-20T15:43:20,2024-12-20T15:43:32,12,+34651263514,centralita_automatica_saturada,"39.312508,-0.407876",urgente,monologo_centralita,"Miren, llamo porque tengo el bajo del negocio anegado con medio metro de agua. No corre peligro mi vida pero esto sigue entrando por la puerta. ¿Va a venir alguna patrulla a cortar la calle?"
63ce0fa2-9856-4762-be74-76c582f7df06,2024-12-20T21:46:37,2024-12-20T21:47:14,37,+34779244771,operador_112_val_#129,"39.451503,-0.525121",ruido,dialogo_operador,"[{""hablante"": ""operador"", ""texto"": ""112 Emergencias, dígame.""}, {""hablante"": ""llamante"", ""texto"": ""¿Oiga? ¿Mañana abren los colegios o qué hacemos?""}, {""hablante"": ""operador"", ""texto"": ""Señora, sigan los canales oficiales de la Generalitat. Por favor mantenga la línea despejada.""}, {""hablante"": ""llamante"", ""texto"": ""Vaya atención... [Corte]""}]"
eb3b6e23-591f-4d13-89d1-a78b22a74127,2024-12-20T18:40:43,2024-12-20T18:40:49,6,+34712343751,operador_112_val_#105,"39.343894,-0.583066",ruido,dialogo_operador,"[{""hablante"": ""operador"", ""texto"": ""112 Emergencias, dígame.""}, {""hablante"": ""llamante"", ""texto"": ""¿Oiga? ¿Mañana abren los colegios o qué hacemos?""}, {""hablante"": ""operador"", ""texto"": ""Señora, sigan los canales oficiales de la Generalitat. Por favor mantenga la línea despejada.""}, {""hablante"": ""llamante"", ""texto"": ""Vaya atención... [Corte]""}]"
b7e97d0f-2fe9-4032-87b3-045baf00ce7e,2024-12-20T15:53:59,2024-12-20T15:54:38,39,+34718421407,servidor_buzon_emergencia_colapso,"39.386775,-0.613951",urgente,monologo_centralita,"Miren, llamo porque tengo el bajo del negocio anegado con medio metro de agua. No corre peligro mi vida pero esto sigue entrando por la puerta. ¿Va a venir alguna patrulla a cortar la calle?"
513a390d-b41c-4f22-9b72-a163388a404c,2024-12-20T21:49:32,2024-12-20T21:49:56,24,+34667949099,sistema_grabacion_espera_112,"39.427716,-0.595313",urgente,monologo_centralita,"Hola, estamos en el segundo piso, de momento estamos bien de agua pero hay un coche flotando en la puerta que está golpeando la finca. Necesitamos que lo tengan en cuenta cuando puedan."
644aee78-5952-4c53-8fc9-35b1167fba1b,2024-12-20T18:44:18,2024-12-20T18:44:54,36,+34661513908,servidor_buzon_emergencia_colapso,"39.515042,-0.453207",ruido,monologo_centralita,[Silencio prolongado] ... [Respiración agitada] ... [Ruido sordo de caída y pitido de desconexión]
41c24f48-0ea0-44d9-b240-686c816202cf,2024-12-20T16:00:52,2024-12-20T16:02:37,105,+34708317184,operador_112_val_#158,"39.459457,-0.545191",urgente,dialogo_operador,"[{""hablante"": ""operador"", ""texto"": ""112 Emergencias, dígame.""}, {""hablante"": ""llamante"", ""texto"": ""Hola, estoy en mi casa en una primera planta. El agua está en el portal y no puedo salir.""}, {""hablante"": ""operador"", ""texto"": ""¿Está subiendo el agua a su vivienda?""}, {""hablante"": ""llamante"", ""texto"": ""No, está estancada abajo, pero no tengo comida ni luz.""}, {""hablante"": ""operador"", ""texto"": ""Permanezca en la planta alta y no intente cruzar el agua. Los equipos de auxilio están en la zona priorizando rescates vitales.""}]"
1f7c902f-055a-4e8e-81cd-86277d5ffb47,2024-12-20T21:50:55,2024-12-20T21:50:59,4,+34612815943,sistema_grabacion_espera_112,"39.534892,-0.488901",ruido,monologo_centralita,¡Son unos sinvergüenzas! ¡La alarma ha sonado cuando ya teníamos el agua hasta las rodillas! ¡Dimisión es lo que tenéis que hacer!
f4d3638d-d339-41a1-8c8b-e854041aa52d,2024-12-20T18:49:21,2024-12-20T18:49:39,18,+34616011390,servidor_buzon_emergencia_colapso,"39.4273,-0.416804",urgente,monologo_centralita,"Oigan, en la calle Mayor tenemos a tres perros atrapados en una caseta del patio. El agua no sube más pero no podemos llegar a ellos. Avísenme si viene Protección Civil."
13bd52f4-a594-40f1-8534-0553df85f687,2024-12-20T16:02:58,2024-12-20T16:03:27,29,+34748462101,sistema_grabacion_espera_112,"39.42949,-0.519442",urgente,monologo_centralita,"Oigan, en la calle Mayor tenemos a tres perros atrapados en una caseta del patio. El agua no sube más pero no podemos llegar a ellos. Avísenme si viene Protección Civil."
ecc79540-ea9c-4db1-9544-da2664d09795,2024-12-20T22:17:08,2024-12-20T22:17:36,28,+34966734015,centralita_automatica_saturada,"39.368479,-0.635001",urgente,monologo_centralita,"Oigan, en la calle Mayor tenemos a tres perros atrapados en una caseta del patio. El agua no sube más pero no podemos llegar a ellos. Avísenme si viene Protección Civil."
f228e2da-7cca-4311-8843-bce2cd0a17e1,2024-12-20T18:53:35,2024-12-20T18:53:46,11,+34625328238,operador_112_val_#131,"39.540268,-0.639839",ruido,dialogo_operador,"[{""hablante"": ""operador"", ""texto"": ""112 Emergencias, dígame.""}, {""hablante"": ""llamante"", ""texto"": ""¿Oiga? ¿Mañana abren los colegios o qué hacemos?""}, {""hablante"": ""operador"", ""texto"": ""Señora, sigan los canales oficiales de la Generalitat. Por favor mantenga la línea despejada.""}, {""hablante"": ""llamante"", ""texto"": ""Vaya atención... [Corte]""}]"
50db71bf-462d-45f2-acd5-242bdbeb1872,2024-12-20T16:09:53,2024-12-20T16:10:02,9,+34632813114,servidor_buzon_emergencia_colapso,"39.309328,-0.567849",ruido,monologo_centralita,"Llamo para protestar porque llevamos cuatro horas sin luz en el barrio. ¡Esto es una vergüenza, que me voy a perder todo lo que tengo en el congelador!"
9df5efb4-ed32-428d-b57d-92209d54b748,2024-12-20T22:25:19,2024-12-20T22:25:59,40,+34633691470,servidor_buzon_emergencia_colapso,"39.365121,-0.372653",urgente,monologo_centralita,"Hola, estamos en el segundo piso, de momento estamos bien de agua pero hay un coche flotando en la puerta que está golpeando la finca. Necesitamos que lo tengan en cuenta cuando puedan."
29b9a3a9-7772-430e-8151-1ee0113199db,2024-12-20T18:57:08,2024-12-20T18:57:40,32,+34726089732,centralita_automatica_saturada,"39.481613,-0.449839",ruido,monologo_centralita,¿Oiga? ¿El consorcio de seguros se encarga si me ha entrado agua en el maletero? Porque mi aseguradora no me contesta.
841c9ab8-1f2c-4478-9ac9-3e5455f3a137,2024-12-20T16:13:28,2024-12-20T16:13:32,4,+34611222880,operador_112_val_#148,"39.520424,-0.444916",ruido,dialogo_operador,"[{""hablante"": ""operador"", ""texto"": ""112 Emergencias, dígame.""}, {""hablante"": ""llamante"", ""texto"": ""Mire, es que no tenemos luz en toda la manzana y la nevera se va a estropear.""}, {""hablante"": ""operador"", ""texto"": ""Caballero, esta línea es exclusivamente para emergencias con riesgo para las personas. Contacte con su compañía eléctrica.""}, {""hablante"": ""llamante"", ""texto"": ""¡Pero es que nadie coge el teléfono allí!""}, {""hablante"": ""operador"", ""texto"": ""Debo liberar la línea para llamadas vitales. Buenas noches. [Cuelga]""}]"
160bb660-ac8c-422f-9c56-cd7ecd5ecb09,2024-12-20T22:36:19,2024-12-20T22:37:08,49,+34636005911,operador_112_val_#136,"39.307819,-0.604556",ruido,dialogo_operador,"[{""hablante"": ""operador"", ""texto"": ""112 Emergencias, dígame.""}, {""hablante"": ""llamante"", ""texto"": ""¿Oiga? ¿Mañana abren los colegios o qué hacemos?""}, {""hablante"": ""operador"", ""texto"": ""Señora, sigan los canales oficiales de la Generalitat. Por favor mantenga la línea despejada.""}, {""hablante"": ""llamante"", ""texto"": ""Vaya atención... [Corte]""}]"
b9eb3080-cc08-434b-9953-7e2d8e2c8dd6,2024-12-20T18:59:20,2024-12-20T19:01:45,145,+34691317911,operador_112_val_#146,"39.548212,-0.62297",critica,dialogo_operador,"[{""hablante"": ""operador"", ""texto"": ""112 Emergencias Valencia, dígame.""}, {""hablante"": ""llamante"", ""texto"": ""¡Ayuda por favor! ¡El agua está entrando por las ventanas y estamos atrapados!""}, {""hablante"": ""operador"", ""texto"": ""Tranquilicese, mantenga la calma. ¿Tienen acceso a un piso superior o terraza?""}, {""hablante"": ""llamante"", ""texto"": ""¡No, es una planta baja! ¡El agua nos llega al pecho ya!""}, {""hablante"": ""operador"", ""texto"": ""Suban sobre mesas o encimeras inmediatamente. Priorizo su aviso a rescate acuático. No cuelgue.""}, {""hablante"": ""llamante"", ""texto"": ""¡Rápido por favor, que se apagan las luces!""}]"
5c3c56d4-47ab-46bb-aa42-7642ba1036ad,2024-12-20T16:14:49,2024-12-20T16:15:19,30,+34966721137,servidor_buzon_emergencia_colapso,"39.547173,-0.59406",critica,monologo_centralita,¡112 por favor cogedlo! ¡Ha caído la pared del patio y está entrando todo el barro de golpe! ¡Mi madre no puede caminar! ¡Estamos en el altillo atrapados!
6b9677e2-187f-48ae-916f-0705097088bf,2024-12-20T22:52:04,2024-12-20T22:55:58,234,+34965801251,operador_112_val_#138,"39.357336,-0.636512",critica,dialogo_operador,"[{""hablante"": ""operador"", ""texto"": ""112 Emergencias, ¿cuál es su emergencia?""}, {""hablante"": ""llamante"", ""texto"": ""¡Estoy subido al techo de mi coche! ¡La corriente del barranco me está arrastrando!""}, {""hablante"": ""operador"", ""texto"": ""Señor, no intente nadar en la corriente. Agárrese con fuerza a cualquier punto fijo si puede.""}, {""hablante"": ""llamante"", ""texto"": ""¡No hay nada! ¡Solo coches flotando! ¡Por favor venid ya!""}, {""hablante"": ""operador"", ""texto"": ""Estamos triangulando su posición. Manténgase visible y sujeto al vehículo.""}]"
c14abd27-d464-4709-830c-7ba058514eb5,2024-12-20T19:02:08,2024-12-20T19:02:23,15,+34720886734,servidor_buzon_emergencia_colapso,"39.473923,-0.54963",urgente,monologo_centralita,"Hola, estamos en el segundo piso, de momento estamos bien de agua pero hay un coche flotando en la puerta que está golpeando la finca. Necesitamos que lo tengan en cuenta cuando puedan."
5a8e064f-91a7-4ce4-8e95-f206f436e306,2024-12-20T16:15:58,2024-12-20T16:16:07,9,+34783733543,operador_112_val_#107,"39.446979,-0.354055",ruido,dialogo_operador,"[{""hablante"": ""operador"", ""texto"": ""112 Emergencias, dígame.""}, {""hablante"": ""llamante"", ""texto"": ""¿Oiga? ¿Mañana abren los colegios o qué hacemos?""}, {""hablante"": ""operador"", ""texto"": ""Señora, sigan los canales oficiales de la Generalitat. Por favor mantenga la línea despejada.""}, {""hablante"": ""llamante"", ""texto"": ""Vaya atención... [Corte]""}]"
31f7f35d-e944-4685-95c8-ad26748421a1,2024-12-20T23:01:18,2024-12-20T23:01:26,8,+34644710261,operador_112_val_#111,"39.459132,-0.365409",ruido,dialogo_operador,"[{""hablante"": ""operador"", ""texto"": ""112 Emergencias, dígame.""}, {""hablante"": ""llamante"", ""texto"": ""¿Oiga? ¿Mañana abren los colegios o qué hacemos?""}, {""hablante"": ""operador"", ""texto"": ""Señora, sigan los canales oficiales de la Generalitat. Por favor mantenga la línea despejada.""}, {""hablante"": ""llamante"", ""texto"": ""Vaya atención... [Corte]""}]"
55a4e82d-f0b0-460e-a95d-a4718a583844,2024-12-20T19:04:51,2024-12-20T19:05:36,45,+34736951719,centralita_automatica_saturada,"39.49405,-0.40579",ruido,monologo_centralita,[Silencio prolongado] ... [Respiración agitada] ... [Ruido sordo de caída y pitido de desconexión]
c1608749-24f5-45e1-b4ed-2197d7c4fe2e,2024-12-20T09:22:33,2024-12-20T09:23:09,36,+34712541166,servidor_buzon_emergencia_colapso,"39.385429,-0.482021",urgente,monologo_centralita,"Hola, estamos en el segundo piso, de momento estamos bien de agua pero hay un coche flotando en la puerta que está golpeando la finca. Necesitamos que lo tengan en cuenta cuando puedan."
aff05442-3957-4dc5-abdc-5ef0f556dc2e,2024-12-20T16:21:33,2024-12-20T16:22:31,58,+34669454470,servidor_buzon_emergencia_colapso,"39.313765,-0.560433",ruido,monologo_centralita,"Buenas tardes, ¿saben si mañana va a funcionar la línea 1 de metro o estará cortada? Es que tengo turno a las siete."
112d992b-9039-4265-82d8-ea4c362edf16,2024-12-20T23:08:17,2024-12-20T23:08:34,17,+34769762686,centralita_automatica_saturada,"39.365052,-0.481096",ruido,monologo_centralita,"Buenas tardes, ¿saben si mañana va a funcionar la línea 1 de metro o estará cortada? Es que tengo turno a las siete."
bd011773-0fbc-47f2-b0e0-fb121b4340c5,2024-12-20T09:45:26,2024-12-20T09:45:42,16,+34621007096,sistema_grabacion_espera_112,"39.416821,-0.527302",critica,monologo_centralita,¡Socorro! ¡Estoy encima de la furgoneta en la rotonda! ¡La riada se está llevando los coches! ¡No puedo aguantar más la fuerza del agua! ¡Por favor mandad un helicóptero!
99054a0d-6c07-472b-adbf-4ee124e072ad,2024-12-20T19:30:45,2024-12-20T19:31:10,25,+34634864967,operador_112_val_#112,"39.479888,-0.638118",ruido,dialogo_operador,"[{""hablante"": ""operador"", ""texto"": ""112 Emergencias, dígame.""}, {""hablante"": ""llamante"", ""texto"": ""Mire, es que no tenemos luz en toda la manzana y la nevera se va a estropear.""}, {""hablante"": ""operador"", ""texto"": ""Caballero, esta línea es exclusivamente para emergencias con riesgo para las personas. Contacte con su compañía eléctrica.""}, {""hablante"": ""llamante"", ""texto"": ""¡Pero es que nadie coge el teléfono allí!""}, {""hablante"": ""operador"", ""texto"": ""Debo liberar la línea para llamadas vitales. Buenas noches. [Cuelga]""}]"
c0ef8abf-bc0a-4008-87a1-5c7ec645d1a4,2024-12-20T16:23:36,2024-12-20T16:24:13,37,+34965368489,servidor_buzon_emergencia_colapso,"39.509673,-0.470477",urgente,monologo_centralita,"Miren, llamo porque tengo el bajo del negocio anegado con medio metro de agua. No corre peligro mi vida pero esto sigue entrando por la puerta. ¿Va a venir alguna patrulla a cortar la calle?"
b4e4d690-5b31-447a-8bdc-b349445c0794,2024-12-20T23:08:45,2024-12-20T23:09:28,43,+34797632582,centralita_automatica_saturada,"39.419789,-0.634878",critica,monologo_centralita,¡Socorro! ¡Estoy encima de la furgoneta en la rotonda! ¡La riada se está llevando los coches! ¡No puedo aguantar más la fuerza del agua! ¡Por favor mandad un helicóptero!
6868c86c-1168-4261-a2b2-2ad124d44cf6,2024-12-20T19:43:44,2024-12-20T19:44:10,26,+34634007920,operador_112_val_#125,"39.344254,-0.427747",ruido,dialogo_operador,"[{""hablante"": ""operador"", ""texto"": ""112 Emergencias, dígame.""}, {""hablante"": ""llamante"", ""texto"": ""Mire, es que no tenemos luz en toda la manzana y la nevera se va a estropear.""}, {""hablante"": ""operador"", ""texto"": ""Caballero, esta línea es exclusivamente para emergencias con riesgo para las personas. Contacte con su compañía eléctrica.""}, {""hablante"": ""llamante"", ""texto"": ""¡Pero es que nadie coge el teléfono allí!""}, {""hablante"": ""operador"", ""texto"": ""Debo liberar la línea para llamadas vitales. Buenas noches. [Cuelga]""}]"
a24e70cc-d71c-48aa-9b02-7261755dab68,2024-12-20T16:30:02,2024-12-20T16:30:13,11,+34730033975,operador_112_val_#110,"39.346697,-0.63276",ruido,dialogo_operador,"[{""hablante"": ""operador"", ""texto"": ""112 Emergencias, dígame.""}, {""hablante"": ""llamante"", ""texto"": ""¿Oiga? ¿Mañana abren los colegios o qué hacemos?""}, {""hablante"": ""operador"", ""texto"": ""Señora, sigan los canales oficiales de la Generalitat. Por favor mantenga la línea despejada.""}, {""hablante"": ""llamante"", ""texto"": ""Vaya atención... [Corte]""}]"
244d610a-4585-44dd-93da-2d46e65f9f9b,2024-12-20T23:09:55,2024-12-20T23:10:23,28,+34967216959,servidor_buzon_emergencia_colapso,"39.537279,-0.588354",critica,monologo_centralita,¡Socorro! ¡Estoy encima de la furgoneta en la rotonda! ¡La riada se está llevando los coches! ¡No puedo aguantar más la fuerza del agua! ¡Por favor mandad un helicóptero!
23c2b7bb-99ce-4e8e-be01-a91be6681588,2024-12-20T19:44:09,2024-12-20T19:44:17,8,+34784892070,servidor_buzon_emergencia_colapso,"39.370936,-0.474356",ruido,monologo_centralita,[Estática] ... ¿Hola? ¿Hay alguien ahí? ... [Corte de llamada]
274b1533-816a-4a99-b0f9-512d3018323f,2024-12-20T16:46:11,2024-12-20T16:47:41,90,+34622186099,operador_112_val_#124,"39.516188,-0.435588",critica,dialogo_operador,"[{""hablante"": ""operador"", ""texto"": ""112 Emergencias Valencia, dígame.""}, {""hablante"": ""llamante"", ""texto"": ""¡Ayuda por favor! ¡El agua está entrando por las ventanas y estamos atrapados!""}, {""hablante"": ""operador"", ""texto"": ""Tranquilicese, mantenga la calma. ¿Tienen acceso a un piso superior o terraza?""}, {""hablante"": ""llamante"", ""texto"": ""¡No, es una planta baja! ¡El agua nos llega al pecho ya!""}, {""hablante"": ""operador"", ""texto"": ""Suban sobre mesas o encimeras inmediatamente. Priorizo su aviso a rescate acuático. No cuelgue.""}, {""hablante"": ""llamante"", ""texto"": ""¡Rápido por favor, que se apagan las luces!""}]"
e0126a8b-7d35-40ee-8414-a07e1bd50add,2024-12-20T23:14:49,2024-12-20T23:15:01,12,+34640057293,centralita_automatica_saturada,"39.355775,-0.575693",critica,monologo_centralita,"¡Por favor! ¡Que alguien venga! ¡El agua nos llega por el cuello en el bajo! ¡Mis hijos están encima del armario! ¡Se va la luz, mare de Déu, ayudaaaa! [Gritos de fondo y corte]"
ce477979-4a23-41be-ae88-dbb614a0801c,2024-12-20T09:52:56,2024-12-20T09:53:50,54,+34642685757,centralita_automatica_saturada,"39.508508,-0.4849",ruido,monologo_centralita,¿Oiga? ¿El consorcio de seguros se encarga si me ha entrado agua en el maletero? Porque mi aseguradora no me contesta.
cc71d68f-3b8c-4ed7-94c2-44ef376762be,2024-12-20T19:49:20,2024-12-20T19:49:39,19,+34601515068,sistema_grabacion_espera_112,"39.546657,-0.530277",ruido,monologo_centralita,[Silencio prolongado] ... [Respiración agitada] ... [Ruido sordo de caída y pitido de desconexión]
ed9ad2f7-c423-4cd1-bedf-c9c7650914ef,2024-12-20T16:47:03,2024-12-20T16:47:45,42,+34961468771,sistema_grabacion_espera_112,"39.357868,-0.599774",urgente,monologo_centralita,"Oigan, en la calle Mayor tenemos a tres perros atrapados en una caseta del patio. El agua no sube más pero no podemos llegar a ellos. Avísenme si viene Protección Civil."
c0fee9e7-cfa6-42a6-9811-e80e849ba1c9,2024-12-20T23:26:51,2024-12-20T23:27:44,53,+34785056295,sistema_grabacion_espera_112,"39.448014,-0.649978",ruido,monologo_centralita,¡Son unos sinvergüenzas! ¡La alarma ha sonado cuando ya teníamos el agua hasta las rodillas! ¡Dimisión es lo que tenéis que hacer!
130c8da6-615a-454c-b635-359c7bcd9e1f,2024-12-20T10:38:16,2024-12-20T10:38:47,31,+34601444389,sistema_grabacion_espera_112,"39.400492,-0.40859",critica,monologo_centralita,¡Socorro! ¡Estoy encima de la furgoneta en la rotonda! ¡La riada se está llevando los coches! ¡No puedo aguantar más la fuerza del agua! ¡Por favor mandad un helicóptero!
13ba65b3-809f-484d-89d7-149b2ea28906,2024-12-20T19:51:20,2024-12-20T19:52:17,57,+34633483183,servidor_buzon_emergencia_colapso,"39.408218,-0.357143",ruido,monologo_centralita,¿Oiga? ¿El consorcio de seguros se encarga si me ha entrado agua en el maletero? Porque mi aseguradora no me contesta.
b262061b-e366-4cd3-b12e-f4199be48a8e,2024-12-20T16:51:26,2024-12-20T16:52:42,76,+34670934371,operador_112_val_#120,"39.509231,-0.52876",urgente,dialogo_operador,"[{""hablante"": ""operador"", ""texto"": ""112 Emergencias.""}, {""hablante"": ""llamante"", ""texto"": ""Buenas noches, mire, tenemos el garaje comunitario completamente inundado con dos metros.""}, {""hablante"": ""operador"", ""texto"": ""¿Hay alguna persona atrapada dentro del garaje o en peligro?""}, {""hablante"": ""llamante"", ""texto"": ""No, que sepamos no, solo los vehículos. Pero el agua está empezando a filtrar al portal.""}, {""hablante"": ""operador"", ""texto"": ""De acuerdo. Nadie debe bajar al sótano bajo ningún concepto. Anoto la incidencia con prioridad técnica.""}]"
5f0d70ff-bfbe-4229-b713-6331b741cd16,2024-12-20T23:27:32,2024-12-20T23:28:17,45,+34961559139,servidor_buzon_emergencia_colapso,"39.437687,-0.445417",ruido,monologo_centralita,¡Son unos sinvergüenzas! ¡La alarma ha sonado cuando ya teníamos el agua hasta las rodillas! ¡Dimisión es lo que tenéis que hacer!
3d92872c-987f-4b8b-a36d-4fe52c37a854,2024-12-20T10:39:05,2024-12-20T10:40:01,56,+34755041504,sistema_grabacion_espera_112,"39.362665,-0.556208",ruido,monologo_centralita,[Estática] ... ¿Hola? ¿Hay alguien ahí? ... [Corte de llamada]
3e10ca05-ad78-4f07-af23-d98d83bc8fc4,2024-12-20T19:51:40,2024-12-20T19:51:57,17,+34668409672,sistema_grabacion_espera_112,"39.341769,-0.354639",ruido,monologo_centralita,"Llamo para protestar porque llevamos cuatro horas sin luz en el barrio. ¡Esto es una vergüenza, que me voy a perder todo lo que tengo en el congelador!"
053b5e56-908a-4f0c-a39b-8dd56cb461bb,2024-12-20T16:52:45,2024-12-20T16:54:26,101,+34962949702,operador_112_val_#142,"39.306687,-0.4268",urgente,dialogo_operador,"[{""hablante"": ""operador"", ""texto"": ""112 Emergencias, dígame.""}, {""hablante"": ""llamante"", ""texto"": ""Hola, estoy en mi casa en una primera planta. El agua está en el portal y no puedo salir.""}, {""hablante"": ""operador"", ""texto"": ""¿Está subiendo el agua a su vivienda?""}, {""hablante"": ""llamante"", ""texto"": ""No, está estancada abajo, pero no tengo comida ni luz.""}, {""hablante"": ""operador"", ""texto"": ""Permanezca en la planta alta y no intente cruzar el agua. Los equipos de auxilio están en la zona priorizando rescates vitales.""}]"
047b9eaa-e39f-4e9e-a3c6-6e501f0f14f2,2024-12-20T23:36:29,2024-12-20T23:36:34,5,+34966619192,servidor_buzon_emergencia_colapso,"39.532772,-0.629443",ruido,monologo_centralita,¿Oiga? ¿El consorcio de seguros se encarga si me ha entrado agua en el maletero? Porque mi aseguradora no me contesta.
b5a04c02-91e6-4012-8b84-080f232c445a,2024-12-20T10:54:52,2024-12-20T10:55:36,44,+34687541877,servidor_buzon_emergencia_colapso,"39.538281,-0.570667",urgente,monologo_centralita,"Oigan, en la calle Mayor tenemos a tres perros atrapados en una caseta del patio. El agua no sube más pero no podemos llegar a ellos. Avísenme si viene Protección Civil."
0df536f5-c6ef-4893-b83c-e94af0d0e07c,2024-12-20T20:02:59,2024-12-20T20:03:39,40,+34788239843,operador_112_val_#143,"39.351161,-0.545615",ruido,dialogo_operador,"[{""hablante"": ""operador"", ""texto"": ""112 Emergencias, dígame.""}, {""hablante"": ""llamante"", ""texto"": ""Mire, es que no tenemos luz en toda la manzana y la nevera se va a estropear.""}, {""hablante"": ""operador"", ""texto"": ""Caballero, esta línea es exclusivamente para emergencias con riesgo para las personas. Contacte con su compañía eléctrica.""}, {""hablante"": ""llamante"", ""texto"": ""¡Pero es que nadie coge el teléfono allí!""}, {""hablante"": ""operador"", ""texto"": ""Debo liberar la línea para llamadas vitales. Buenas noches. [Cuelga]""}]"
